table id,name,phone number,Location,Emp. Group,Function,Gender ,Tenure,Tenure Grp.,Experience (YY.MM),Marital Status,Age in YY.,Hiring Source,Promoted/Non Promoted,Job Role Match,Stay/Left
1,sid,9876544345,Pune,B2,Operation,Male,0,< =1,6.08,Single,27.12,Direct,Non Promoted,Yes,Left
2,sid,9876544345,Noida,B7,Support,Male,0,< =1,13,Marr.,38.08,Direct,Promoted,No,Stay
3,sid,9876544345,Bangalore,B3,Operation,Male,0.01,< =1,16.05,Marr.,36.04,Direct,Promoted,Yes,Stay
4,sid,9876544345,Noida,B2,Operation,Male,0.01,< =1,6.06,Marr.,32.07,Direct,Promoted,Yes,Stay
5,sid,9876544345,Lucknow,B2,Operation,Male,0,< =1,7,Marr.,32.05,Direct,Non Promoted,Yes,Stay
6,sid,9876544345,Bangalore,B3,Operation,Male,0.01,< =1,9.01,Marr.,39.09,Direct,Promoted,No,Stay
7,sid,9876544345,Pune,B2,Operation,Female,0.01,< =1,5.02,Single,28.02,Agency,Promoted,No,Stay
8,sid,9876544345,Bangalore,B2,Operation,Male,0.01,< =1,5.11,Marr.,30.11,Agency,Promoted,No,Left
9,sid,9876544345,Bangalore,B2,Operation,Male,0.02,< =1,6.04,Marr.,33.05,Agency,Promoted,No,Left
10,sid,9876544345,Chennai,B2,Operation,Male,0.01,< =1,10.01,Div.,41.06,Direct,Promoted,Yes,Stay
11,sid,9876544345,Noida,B1,Operation,Male,0.01,< =1,0.1,Single,27.1,Direct,Non Promoted,No,Left
12,sid,9876544345,Noida,B2,Operation,Male,0.01,< =1,9.08,Marr.,34.09,Direct,Promoted,No,Stay
13,sid,9876544345,Hyderabad,B2,Operation,Male,0.01,< =1,6.03,Single,30.01,Direct,Promoted,No,Left
14,sid,9876544345,Nagpur,B2,Operation,other,0.02,< =1,6.09,Marr.,32.07,Direct,Non Promoted,No,Left
15,sid,9876544345,Madurai,B3,Operation,Male,0.02,< =1,11.02,Marr.,39.07,Direct,Promoted,No,Stay
16,sid,9876544345,Chennai,B2,Operation,Female,0.02,< =1,5.02,Marr.,26.07,Direct,Promoted,Yes,Stay
17,sid,9876544345,Nagpur,B2,Operation,Male,0.02,< =1,5.02,Marr.,27.1,Direct,Promoted,No,Left
18,sid,9876544345,Lucknow,B1,Operation,Male,0.02,< =1,5.02,Marr.,36.03,Direct,Promoted,No,Left
19,sid,9876544345,Noida,B2,Operation,Male,0.02,< =1,4.09,Single,31.09,Direct,Promoted,No,Left
20,shruti,9876544345,Bangalore,B2,Operation,Male,0.03,< =1,5.1,Single,27.08,Agency,Promoted,Yes,Stay
21,shruti,9876544345,Hyderabad,B1,Operation,Male,0.03,< =1,4.03,Single,27.07,Direct,Promoted,No,Left
22,shruti,9876544345,Bangalore,B1,Operation,Female,0.03,< =1,0.03,Single,21.05,Direct,Non Promoted,Yes,Stay
23,shruti,9876544345,Mumbai,B1,Operation,Female,0.02,< =1,1.1,Single,24.1,Direct,Non Promoted,Yes,Stay
24,shruti,9876544345,Hyderabad,B1,Operation,Male,0.03,< =1,3.03,Single,28.08,Direct,Promoted,Yes,Stay
25,shruti,9876544345,Hyderabad,B3,Operation,Male,0.02,< =1,11.02,Marr.,39.06,Direct,Non Promoted,Yes,Stay
26,shruti,9876544345,Hyderabad,B1,Operation,Male,0.02,< =1,4.04,Single,29.02,Direct,Promoted,No,Left
27,shruti,9876544345,Bangalore,B2,Operation,Female,0.02,< =1,8.04,Single,30.07,Direct,Promoted,No,Stay
28,shruti,9876544345,Bangalore,B2,Operation,Male,0.03,< =1,8.03,Marr.,35.07,Direct,Promoted,No,Stay
29,shruti,9876544345,Hyderabad,B1,Operation,Male,0.03,< =1,,NTBD,32.08,Direct,Non Promoted,No,Stay
30,shruti,9876544345,Chennai,B1,Operation,Male,0.03,< =1,5.03,Single,27.03,Direct,Promoted,No,Left
31,shruti,9876544345,Chennai,B1,Operation,Female,0.03,< =1,1,Single,23.03,Direct,Promoted,No,Left
32,shruti,9876544345,Chennai,B1,Operation,Female,0.03,< =1,3.11,Marr.,26.05,Direct,Promoted,No,Stay
33,shruti,9876544345,Chennai,B2,Operation,Female,0.04,< =1,6.1,Marr.,32.04,Agency,Non Promoted,No,Stay
34,shruti,9876544345,Hyderabad,B1,Operation,Female,0.03,< =1,4.03,Single,28.12,Direct,Promoted,No,Left
35,shruti,9876544345,Noida,B2,Operation,Male,0.04,< =1,7.04,Marr.,32.02,Agency,Non Promoted,No,Stay
36,shruti,9876544345,Noida,B3,Operation,Male,0.03,< =1,9.07,Marr.,36.04,Direct,Promoted,No,Left
37,shruti,9876544345,Noida,B2,Operation,Male,0.04,< =1,6.1,Single,32.04,Direct,Non Promoted,Yes,Left
38,shruti,9876544345,Bangalore,B1,Operation,Female,0.03,< =1,2.04,Single,26.07,Direct,Non Promoted,Yes,Left
39,shruti,9876544345,Hyderabad,B2,Operation,Male,0.04,< =1,9.04,Marr.,38.07,Agency,Promoted,Yes,Stay
40,shruti,9876544345,Hyderabad,B1,Operation,Male,0.03,< =1,2.03,Marr.,30.06,Agency,Promoted,No,Stay
41,shruti,9876544345,Bangalore,B3,Operation,Male,0.04,< =1,15.04,Marr.,43,Direct,Promoted,Yes,Stay
42,shruti,9876544345,Bangalore,B1,Operation,Male,0.04,< =1,0.04,Single,25.06,Direct,Non Promoted,Yes,Stay
43,shruti,9876544345,Bangalore,B1,Operation,Male,0.04,< =1,1.08,Single,26.07,Direct,Promoted,No,Left
44,shruti,9876544345,Chennai,B2,Operation,Male,0.04,< =1,5.04,Single,27.05,Direct,Promoted,No,Left
45,shruti,9876544345,Chennai,B1,Operation,Male,0.04,< =1,3.04,Single,26.03,Direct,Non Promoted,No,Left
46,shruti,9876544345,Noida,B2,Operation,Male,0.04,< =1,10.04,Marr.,37,Employee Referral,Non Promoted,No,Stay
47,shruti,9876544345,Bangalore,B1,Operation,Female,0.04,< =1,3.07,Marr.,33.1,Direct,Promoted,No,Stay
48,shruti,9876544345,Noida,B1,Operation,Male,0.04,< =1,0.1,Single,23.06,Direct,Non Promoted,No,Left
49,shruti,9876544345,Chennai,B2,Operation,Male,0.04,< =1,12.05,Single,39.08,Direct,Non Promoted,No,Left
50,shruti,9876544345,Nagpur,B1,Support,Female,0.04,< =1,2.01,Single,26.02,Direct,Promoted,Yes,Stay
51,shruti,9876544345,Bangalore,B1,Operation,Female,0.04,< =1,1.01,Single,24.02,Direct,Non Promoted,Yes,Stay
52,shruti,9876544345,Noida,B1,Operation,Male,0.04,< =1,1.06,Single,25.04,Agency,Non Promoted,Yes,Stay
53,shruti,9876544345,Noida,B1,Operation,Male,0.05,< =1,1.02,Single,23.08,Agency,Non Promoted,Yes,Stay
54,shruti,9876544345,Bangalore,B1,Operation,Female,0.04,< =1,0.04,Single,22.03,Direct,Non Promoted,Yes,Stay
55,shruti,9876544345,Noida,B3,Operation,Male,0.05,< =1,6.05,Marr.,36.07,Direct,Promoted,Yes,Stay
56,shruti,9876544345,Chennai,B1,Operation,Male,0.05,< =1,2.11,Single,25.01,Direct,Non Promoted,Yes,Stay
57,shruti,9876544345,Noida,B3,Operation,Male,0.05,< =1,12.05,Marr.,37.07,Agency,Promoted,No,Stay
58,shruti,9876544345,Chennai,B1,Operation,Male,0.05,< =1,3.05,Single,24.04,Direct,Non Promoted,No,Left
59,shruti,9876544345,Chennai,B1,Operation,Male,0.05,< =1,4.09,Marr.,30.04,Direct,Promoted,No,Stay
60,shruti,9876544345,Madurai,B2,Operation,Male,0.05,< =1,12.05,Marr.,40.07,Direct,Non Promoted,No,Stay
61,shruti,9876544345,Pune,B1,Operation,Female,0.05,< =1,4.06,Single,27.07,Direct,Promoted,No,Left
62,shruti,9876544345,Bangalore,B1,Operation,Male,0.05,< =1,1.03,Single,23.11,Direct,Promoted,No,Left
63,shruti,9876544345,Pune,B2,Operation,Female,0.06,< =1,8.06,Marr.,31.02,Direct,Promoted,No,Stay
64,shruti,9876544345,Noida,B3,Operation,Male,0.06,< =1,6.06,Single,30.03,Direct,Non Promoted,Yes,Stay
65,shruti,9876544345,Pune,B1,Operation,Female,0.05,< =1,3.04,Single,28.06,Direct,Non Promoted,Yes,Stay
66,shruti,9876544345,Noida,B1,Operation,Male,0.06,< =1,1.07,Single,24.03,Direct,Promoted,No,Left
67,shruti,9876544345,Chennai,B3,Operation,Male,0.06,< =1,17.06,Marr.,41.04,Direct,Promoted,No,Stay
68,shruti,9876544345,Bangalore,B2,Operation,other,0.06,< =1,6.06,Single,29.05,Agency,Promoted,Yes,Stay
69,shruti,9876544345,Chennai,B1,Operation,Female,0.06,< =1,3.1,Single,25.04,Direct,Promoted,Yes,Stay
70,shruti,9876544345,Chennai,B1,Operation,Female,0.05,< =1,1.05,Single,23.1,Direct,Promoted,Yes,Stay
71,shruti,9876544345,Pune,B2,Operation,Male,0.05,< =1,5,Marr.,28.01,Direct,Promoted,No,Left
72,shruti,9876544345,Chennai,B2,Operation,Female,0.06,< =1,6.03,Marr.,28.08,Direct,Non Promoted,Yes,Stay
73,shruti,9876544345,Nagpur,B1,Support,Male,0.06,< =1,2.11,Single,27.06,Direct,Promoted,No,Left
74,shruti,9876544345,Hyderabad,B3,Operation,Male,0.06,< =1,8.06,Marr.,33.03,Agency,Non Promoted,Yes,Stay
75,shruti,9876544345,Bangalore,B2,Operation,Male,0.06,< =1,6.1,Single,29.1,Agency,Promoted,No,Stay
76,shruti,9876544345,Noida,B2,Operation,Female,0.06,< =1,5.11,Single,27.02,Agency,Promoted,No,Left
77,shruti,9876544345,Bangalore,B5,Sales,Male,0.06,< =1,15.06,Marr.,36.02,Direct,Promoted,No,Stay
78,shruti,9876544345,Pune,B2,Operation,Male,0.06,< =1,5.03,Single,26.07,Direct,Non Promoted,Yes,Left
79,shruti,9876544345,Bangalore,B1,Operation,Female,0.06,< =1,10.06,Marr.,33,Direct,Non Promoted,Yes,Stay
80,shruti,9876544345,Pune,B1,Operation,Male,0.06,< =1,6.07,Single,28.06,Direct,Non Promoted,Yes,Stay
81,shruti,9876544345,Pune,B2,Operation,Male,0.06,< =1,8.06,Marr.,31.05,Agency,Promoted,No,Stay
82,shruti,9876544345,Pune,B2,Operation,Female,0.06,< =1,4.11,Single,25.02,Agency,Promoted,No,Left
83,shruti,9876544345,Pune,B1,Operation,Male,0.06,< =1,3.06,Single,27.06,Agency,Non Promoted,Yes,Stay
84,shruti,9876544345,Nagpur,B1,Operation,Female,0.09,< =1,0.09,Single,27.1,Direct,Non Promoted,Yes,Stay
85,shruti,9876544345,Noida,B3,Sales,Male,0.06,< =1,12.07,Marr.,35.12,Direct,Promoted,No,Stay
86,shruti,9876544345,Hyderabad,B1,Operation,Female,0.07,< =1,,NTBD,24.03,Direct,Promoted,Yes,Stay
87,shruti,9876544345,Bangalore,B2,Operation,Male,0.06,< =1,7.06,Marr.,34.07,Direct,Promoted,Yes,Stay
88,shruti,9876544345,Bangalore,B1,Operation,Male,0.07,< =1,2.07,Single,27.09,Direct,Non Promoted,Yes,Stay
89,shruti,9876544345,Bangalore,B3,Operation,Female,0.06,< =1,13.1,Marr.,36.07,Direct,Non Promoted,Yes,Stay
90,shruti,9876544345,Bangalore,B1,Operation,Female,0.07,< =1,1.09,Single,24.08,Direct,Non Promoted,Yes,Stay
91,shruti,9876544345,Noida,B2,Operation,Male,0.06,< =1,8.01,Marr.,36.1,Direct,Promoted,No,Left
92,shruti,9876544345,Chennai,B3,Sales,Male,0.07,< =1,0.07,Single,26.07,Direct,Non Promoted,No,Left
93,shruti,9876544345,Noida,B2,Operation,Female,0.07,< =1,5.07,Marr.,29.1,Agency,Promoted,No,Stay
94,shruti,9876544345,Bangalore,B3,Operation,Female,0.07,< =1,12.07,Marr.,38.09,Agency,Non Promoted,No,Stay
95,shruti,9876544345,Bangalore,B2,Operation,other,0.07,< =1,10.07,Div.,41,Direct,Promoted,Yes,Stay
96,Dwane,9876544345,Noida,B2,Operation,Male,0.07,< =1,5.01,Single,25.09,Direct,Promoted,No,Left
97,Dwane,9876544345,Noida,B2,Support,Male,0.06,< =1,9.07,Marr.,37.1,Agency,Promoted,No,Left
98,Dwane,9876544345,Pune,B1,Operation,Male,0.07,< =1,3.07,Single,25.07,Agency,Promoted,No,Left
99,Dwane,9876544345,Noida,B2,Operation,Male,0.07,< =1,5.01,Single,28.06,Employee Referral,Non Promoted,Yes,Stay
100,Dwane,9876544345,Bangalore,B1,Operation,Male,0.07,< =1,2.06,Single,24.1,Direct,Promoted,No,Left
101,Dwane,9876544345,Chennai,B2,Operation,Male,0.07,< =1,7.07,Marr.,33.08,Direct,Promoted,Yes,Stay
102,Dwane,9876544345,Chennai,B1,Operation,Male,0.08,< =1,3.02,Single,27.07,Direct,Promoted,Yes,Stay
103,Dwane,9876544345,Hyderabad,B2,Operation,Male,0.08,< =1,9.08,Marr.,36.06,Direct,Promoted,No,Stay
104,Dwane,9876544345,Noida,B3,Operation,Male,0.07,< =1,9.11,Marr.,35.08,Direct,Promoted,No,Stay
105,Dwane,9876544345,Bangalore,B2,Operation,Male,0.07,< =1,6.08,Single,28.02,Direct,Promoted,No,Left
106,Dwane,9876544345,Noida,B2,Operation,Male,0.08,< =1,7.08,Single,30.04,Agency,Promoted,No,Left
107,Dwane,9876544345,Bangalore,B2,Operation,Male,0.07,< =1,4.1,Single,29.05,Direct,Promoted,No,Left
108,Dwane,9876544345,Bangalore,B1,Operation,Female,0.08,< =1,4.01,Single,27.07,Direct,Non Promoted,No,Left
109,Dwane,9876544345,Bangalore,B1,Operation,Male,0.08,< =1,3.1,Single,27.06,Agency,Promoted,No,Left
110,Dwane,9876544345,Chennai,B1,Operation,Female,0.07,< =1,0.08,Single,22.07,Direct,Non Promoted,Yes,Stay
111,Dwane,9876544345,Noida,B1,Operation,Female,0.07,< =1,1.05,Single,25.04,Direct,Promoted,Yes,Stay
112,Dwane,9876544345,Bangalore,B1,Operation,Female,0.08,< =1,2.02,Marr.,25.06,Direct,Non Promoted,Yes,Stay
113,Dwane,9876544345,Noida,B1,Operation,Male,0.08,< =1,4.08,Single,27.1,Direct,Promoted,No,Left
114,Dwane,9876544345,Bangalore,B2,Operation,Male,0.08,< =1,9.01,Single,33.08,Direct,Promoted,No,Left
115,Dwane,9876544345,Bangalore,B1,Operation,Male,0.08,< =1,4.01,Single,25.06,Direct,Promoted,No,Left
116,Dwane,9876544345,Bangalore,B2,Operation,Male,0.08,< =1,6.1,Marr.,33.02,Agency,Promoted,No,Stay
117,Dwane,9876544345,Chennai,B1,Operation,Female,0.08,< =1,3.01,Marr.,31.01,Direct,Promoted,Yes,Stay
118,Dwane,9876544345,Pune,B1,Operation,Female,0.08,< =1,3.08,Single,26.01,Direct,Promoted,No,Left
119,Dwane,9876544345,Pune,B2,Operation,Male,0.08,< =1,6.08,Single,27.04,Direct,Promoted,No,Left
120,Dwane,9876544345,Bangalore,B1,Operation,Male,0.08,< =1,1.09,Single,24.04,Employee Referral,Promoted,Yes,Stay
121,Dwane,9876544345,Chennai,B1,Operation,Male,0.08,< =1,4.08,Single,30.07,Direct,Non Promoted,No,Left
122,Dwane,9876544345,Chennai,B3,Operation,Male,0.08,< =1,15.03,Marr.,50.07,Employee Referral,Promoted,No,Stay
123,Dwane,9876544345,Bangalore,B1,Operation,Female,0.08,< =1,5.05,Single,29.09,Direct,Promoted,No,Left
124,Dwane,9876544345,Noida,B3,Operation,Male,0.08,< =1,9.09,Marr.,34.04,Employee Referral,Promoted,Yes,Stay
125,Dwane,9876544345,Noida,B5,Operation,Male,0.08,< =1,25.08,Marr.,40.04,Agency,Non Promoted,No,Stay
126,Dwane,9876544345,Bangalore,B1,Operation,Female,0.08,< =1,4.1,Single,28.09,Direct,Promoted,No,Left
127,Dwane,9876544345,Noida,B2,Operation,Male,0.08,< =1,11.04,Single,25.04,Direct,Non Promoted,Yes,Stay
128,Dwane,9876544345,Chennai,B2,Operation,Male,0.09,< =1,6.09,Marr.,30.01,Direct,Promoted,No,Stay
129,Dwane,9876544345,Chennai,B2,Operation,Male,0.09,< =1,5.05,Marr.,29.02,Employee Referral,Promoted,Yes,Stay
130,Dwane,9876544345,Chennai,B2,Operation,Male,0.08,< =1,10.09,Marr.,36,Direct,Non Promoted,Yes,Stay
131,Dwane,9876544345,Noida,B1,Operation,Male,0.08,< =1,3.02,Single,27.03,Direct,Non Promoted,Yes,Stay
132,Dwane,9876544345,Hyderabad,B1,Operation,Male,0.08,< =1,,NTBD,23.09,Direct,Non Promoted,No,Left
133,Dwane,9876544345,Chennai,B1,Operation,Male,0.08,< =1,1.08,Marr.,30.06,Direct,Non Promoted,Yes,Stay
134,Dwane,9876544345,Nagpur,B1,Operation,Male,0.08,< =1,0.08,Single,24.02,Direct,Non Promoted,No,Left
135,Dwane,9876544345,Nagpur,B1,Operation,Female,0.08,< =1,0.09,Marr.,30.01,Direct,Non Promoted,No,Stay
136,Dwane,9876544345,Bangalore,B1,Operation,other,0.09,< =1,5.02,Single,28.02,Direct,Non Promoted,No,Left
137,Dwane,9876544345,Hyderabad,B1,Operation,Male,0.09,< =1,5.01,Single,28.07,Direct,Non Promoted,No,Left
138,Dwane,9876544345,Noida,B2,Operation,Male,0.09,< =1,8.09,Marr.,32.09,Direct,Non Promoted,Yes,Stay
139,Dwane,9876544345,Chennai,B3,Operation,Male,0.09,< =1,12.09,Marr.,35.12,Direct,Non Promoted,Yes,Stay
140,Dwane,9876544345,Chennai,B2,Operation,Male,0.08,< =1,10.09,Marr.,37.07,Direct,Non Promoted,No,Stay
141,Dwane,9876544345,Madurai,B2,Operation,Male,0.09,< =1,10.09,Marr.,33.07,Direct,Non Promoted,No,Left
142,Dwane,9876544345,Bangalore,B2,Operation,Male,0.09,< =1,4.03,Single,30.11,Direct,Non Promoted,Yes,Stay
143,Dwane,9876544345,Chennai,B1,Operation,Male,0.09,< =1,4.03,Single,27.07,Direct,Non Promoted,Yes,Stay
144,Dwane,9876544345,Hyderabad,B1,Operation,Male,0.09,< =1,5.09,Single,35.06,Agency,Non Promoted,No,Left
145,Dwane,9876544345,Pune,B1,Operation,Male,0.09,< =1,4.08,Single,30.09,Agency,Promoted,No,Left
146,Dwane,9876544345,Noida,B1,Support,Male,0.09,< =1,1.09,Marr.,28.11,Direct,Non Promoted,No,Left
147,Dwane,9876544345,Bangalore,B2,Operation,Male,1.03,> 1 & < =3,2.11,Single,30.1,Direct,Non Promoted,No,Left
148,Dwane,9876544345,Chennai,B2,Operation,Female,0.09,< =1,6.01,Marr.,30.08,Direct,Non Promoted,Yes,Stay
149,Dwane,9876544345,Chennai,B2,Operation,Male,0.09,< =1,9.02,Marr.,32.03,Direct,Non Promoted,No,Stay
150,Dwane,9876544345,Bangalore,B1,Operation,Male,0.09,< =1,5.05,Single,26.06,Direct,Promoted,No,Left
151,Dwane,9876544345,Chennai,B2,Operation,Male,0.09,< =1,8.11,Marr.,38.06,Direct,Non Promoted,Yes,Stay
152,Dwane,9876544345,Noida,B3,Operation,Male,0.09,< =1,11.03,Marr.,36.11,Agency,Promoted,No,Stay
153,Dwane,9876544345,Madurai,B1,Operation,Male,0.09,< =1,11.03,Marr.,35.04,Direct,Non Promoted,Yes,Stay
154,Dwane,9876544345,Bangalore,B1,Operation,Female,0.09,< =1,3.02,Single,24.09,Direct,Non Promoted,Yes,Stay
155,Dwane,9876544345,Nagpur,B1,Operation,Male,0.09,< =1,3.11,Marr.,37.07,Direct,Non Promoted,No,Left
156,Dwane,9876544345,Noida,B1,Operation,Male,0.09,< =1,2.1,Single,25.11,Direct,Non Promoted,No,Left
157,Dwane,9876544345,Bangalore,B1,Operation,Female,0.09,< =1,2,Single,24.02,Agency,Promoted,Yes,Stay
158,Dwane,9876544345,Chennai,B2,Operation,Male,0.1,< =1,11,Marr.,39.11,Agency,Non Promoted,Yes,Stay
159,Dwane,9876544345,Hyderabad,B2,Operation,Female,0.09,< =1,6.09,Marr.,28.05,Agency,Promoted,No,Stay
160,Dwane,9876544345,Pune,B1,Operation,Male,0.1,< =1,4.04,Marr.,26.12,Direct,Promoted,Yes,Stay
161,Dwane,9876544345,Pune,B2,Operation,other,0.1,< =1,8.01,Single,35.09,Agency,Non Promoted,Yes,Stay
162,Dwane,9876544345,Noida,B1,Operation,Male,0.1,< =1,4.1,Single,27.11,Direct,Promoted,No,Left
163,Dwane,9876544345,Noida,B1,Operation,Male,0.11,< =1,0.11,Single,26.01,Direct,Promoted,No,Left
164,Dwane,9876544345,Chennai,B2,Operation,Male,0.09,< =1,7,Marr.,31.09,Direct,Promoted,No,Stay
165,Dwane,9876544345,Noida,B2,Operation,Male,0.1,< =1,7.1,Marr.,39,Direct,Non Promoted,No,Stay
166,Dwane,9876544345,Bangalore,B2,Operation,Male,0.1,< =1,5.03,Marr.,42.02,Agency,Non Promoted,No,Stay
167,Dwane,9876544345,Bangalore,B1,Operation,Male,0.1,< =1,3.09,Single,25.07,Agency,Non Promoted,No,Left
168,Dwane,9876544345,Madurai,B0,Support,Female,0.1,< =1,0.1,Single,23.08,Direct,Non Promoted,Yes,Stay
169,Dwane,9876544345,Lucknow,B1,Operation,Male,0.1,< =1,3.06,Single,28.05,Direct,Promoted,Yes,Stay
170,Dwane,9876544345,Chennai,B2,Operation,Male,0.1,< =1,6.04,Single,28.05,Direct,Non Promoted,Yes,Stay
171,Dwane,9876544345,Chennai,B2,Operation,Female,0.1,< =1,9.05,Single,36.07,Agency,Non Promoted,No,Left
172,Dwane,9876544345,Chennai,B1,Operation,Female,0.1,< =1,2.08,Single,24.12,Direct,Promoted,No,Left
173,Dwane,9876544345,Noida,B2,Operation,Male,0.1,< =1,8.1,Single,31.01,Agency,Promoted,No,Left
174,Dwane,9876544345,Chennai,B1,Operation,Male,0.11,< =1,1.11,Single,24.09,Agency,Promoted,No,Left
175,Dwane,9876544345,Noida,B1,Operation,Female,0.1,< =1,2.01,Single,24.08,Direct,Promoted,Yes,Stay
176,Dwane,9876544345,Pune,B1,Operation,Male,0.1,< =1,4.1,Single,27.11,Direct,Non Promoted,Yes,Stay
177,Dwane,9876544345,Noida,B2,Operation,Male,0.1,< =1,4.02,Marr.,31.04,Direct,Non Promoted,Yes,Stay
178,Dwane,9876544345,Noida,B1,Operation,Male,0.1,< =1,5.04,Single,29.05,Direct,Promoted,No,Left
179,Dwane,9876544345,Chennai,B1,Operation,Male,0.1,< =1,3.1,Marr.,28,Direct,Promoted,No,Stay
180,Dwane,9876544345,Bangalore,B2,Operation,Male,0.1,< =1,7.09,Single,31.08,Direct,Promoted,No,Left
181,Dwane,9876544345,Pune,B2,Operation,Male,0.1,< =1,5.03,Marr.,33.05,Direct,Promoted,Yes,Stay
182,Dwane,9876544345,Noida,B2,Operation,Male,0.1,< =1,4.01,Single,28.03,Employee Referral,Non Promoted,Yes,Stay
183,Dwane,9876544345,Noida,B1,Operation,Male,0.11,< =1,2.07,Single,24.11,Agency,Non Promoted,No,Left
184,Dwane,9876544345,Chennai,B2,Operation,Male,0.1,< =1,12.08,Marr.,38,Employee Referral,Non Promoted,Yes,Stay
185,Dwane,9876544345,Nagpur,B1,Operation,Male,0.1,< =1,4,Single,28.11,Direct,Promoted,Yes,Stay
186,Dwane,9876544345,Chennai,B1,Operation,Male,0.11,< =1,2.02,Single,23.06,Agency,Non Promoted,No,Left
187,Dwane,9876544345,Pune,B1,Operation,Female,0.11,< =1,5.07,Marr.,29.06,Agency,Non Promoted,Yes,Stay
188,Dwane,9876544345,Noida,B2,Operation,Male,0.1,< =1,3,Single,26.05,Direct,Promoted,No,Left
189,Dwane,9876544345,Bangalore,B1,Operation,Male,0.11,< =1,0.11,Single,25.01,Direct,Non Promoted,Yes,Stay
190,Dwane,9876544345,Bangalore,B1,Operation,Male,1,< =1,1,Single,23.03,Direct,Non Promoted,Yes,Stay
191,Dwane,9876544345,Noida,B1,Operation,Female,0.11,< =1,6.09,Single,29.07,Employee Referral,Non Promoted,Yes,Stay
192,Dwane,9876544345,Noida,B4,Sales,Male,0.11,< =1,11.11,Marr.,38.04,Direct,Promoted,Yes,Stay
193,Dwane,9876544345,Hyderabad,B1,Operation,Female,0.11,< =1,3.11,Single,26.06,Employee Referral,Non Promoted,Yes,Stay
194,Dwane,9876544345,Chennai,B1,Operation,Male,0.11,< =1,5.11,Single,34.08,Agency,Non Promoted,No,Left
195,Dwane,9876544345,Chennai,B1,Operation,Male,0.11,< =1,1.11,Single,28.04,Direct,Non Promoted,Yes,Stay
196,Dwane,9876544345,Bangalore,B2,Operation,Male,0.11,< =1,7.01,Marr.,34.03,Agency,Non Promoted,No,Stay
197,Dwane,9876544345,Pune,B1,Operation,other,0.11,< =1,3,Single,25.08,Direct,Non Promoted,Yes,Stay
198,Dwane,9876544345,Noida,B1,Support,Female,0.1,< =1,3.06,Marr.,27.07,Direct,Non Promoted,No,Left
199,Dwane,9876544345,Noida,B3,Operation,Male,0.11,< =1,19.08,Marr.,35.1,Employee Referral,Promoted,Yes,Stay
200,Dwane,9876544345,Pune,B3,Operation,Male,0.11,< =1,11.08,Marr.,34,Direct,Non Promoted,Yes,Stay
201,Dwane,9876544345,Noida,B2,Support,Female,0.11,< =1,7.04,Marr.,30.02,Direct,Non Promoted,Yes,Stay
202,Dwane,9876544345,Bangalore,B1,Operation,Male,0.11,< =1,3.11,Single,27.01,Direct,Promoted,Yes,Stay
203,Dwane,9876544345,Bangalore,B1,Operation,Male,0.11,< =1,4.11,Single,28,Direct,Promoted,No,Left
204,Dwane,9876544345,Bangalore,B2,Operation,Male,0.11,< =1,10.11,Marr.,36.1,Agency,Promoted,No,Stay
205,Dwane,9876544345,Chennai,B1,Operation,Male,0.11,< =1,3.05,Single,26.04,Direct,Non Promoted,Yes,Stay
206,Dwane,9876544345,Chennai,B2,Operation,Male,0.11,< =1,6.08,Single,28.07,Direct,Non Promoted,Yes,Stay
207,Dwane,9876544345,Chennai,B2,Operation,Male,0.11,< =1,5.04,Marr.,30.06,Direct,Non Promoted,No,Stay
208,Dwane,9876544345,Hyderabad,B1,Operation,Male,1,< =1,1,NTBD,24.04,Direct,Non Promoted,Yes,Stay
209,Dwane,9876544345,Bangalore,B1,Operation,Male,0.11,< =1,5,Single,27.07,Direct,Non Promoted,No,Left
210,Dwane,9876544345,Bangalore,B5,Operation,Female,2.06,> 1 & < =3,2.06,Single,29.1,Direct,Non Promoted,Yes,Stay
211,Dwane,9876544345,Hyderabad,B2,Operation,Male,2.08,> 1 & < =3,2.08,NTBD,28.06,Direct,Promoted,No,Left
212,Dwane,9876544345,Bangalore,B1,Operation,Female,0.11,< =1,3.07,Single,26.09,Direct,Non Promoted,No,Left
213,Dwane,9876544345,Bangalore,B1,Operation,Female,0.11,< =1,4.05,Single,27.04,Direct,Non Promoted,Yes,Stay
214,Dwane,9876544345,Bangalore,B1,Operation,Female,0.11,< =1,4.08,Marr.,29.04,Direct,Non Promoted,Yes,Stay
215,Dwane,9876544345,Chennai,B1,Operation,Female,1,< =1,3.06,Marr.,26.11,Direct,Non Promoted,Yes,Stay
216,Dwane,9876544345,Noida,B3,Operation,Male,1,< =1,9.02,Marr.,33.09,Direct,Non Promoted,Yes,Stay
217,Dwane,9876544345,Pune,B1,Operation,Male,1,< =1,4,Single,25.05,Direct,Non Promoted,Yes,Stay
218,Dwane,9876544345,Bangalore,B4,Operation,Male,0.11,< =1,15.11,Marr.,41.02,Employee Referral,Non Promoted,Yes,Stay
219,Dwane,9876544345,Noida,B1,Support,Male,1,< =1,3.07,Single,24.03,Direct,Non Promoted,No,Left
220,Dwane,9876544345,Noida,B1,Support,Male,0.11,< =1,3.01,Single,27.11,Direct,Promoted,Yes,Stay
221,Dwane,9876544345,Bangalore,B1,Operation,Male,1,< =1,6.06,Single,38.1,Agency,Non Promoted,No,Left
222,Dwane,9876544345,Noida,B1,Operation,Male,0.11,< =1,4.11,Single,29.12,Agency,Non Promoted,Yes,Stay
223,Dwane,9876544345,Chennai,B2,Operation,Male,0.11,< =1,7.11,Marr.,30.11,Direct,Non Promoted,No,Stay
224,Dwane,9876544345,Bangalore,B2,Operation,Male,1,< =1,8,Marr.,32.12,Direct,Non Promoted,No,Stay
225,Dwane,9876544345,Noida,B1,Operation,Male,1,< =1,2.08,Single,26,Agency,Non Promoted,No,Left
226,Dwane,9876544345,Noida,B1,Operation,Male,0.11,< =1,4.03,Single,29.02,Direct,Non Promoted,Yes,Stay
227,Dwane,9876544345,Chennai,B2,Operation,Female,1,< =1,10,Marr.,37.1,Direct,Non Promoted,Yes,Stay
228,Dwane,9876544345,Bangalore,B3,Operation,Male,1,< =1,12,Marr.,38.06,Direct,Non Promoted,Yes,Stay
229,Dwane,9876544345,Bangalore,B1,Operation,Female,1,< =1,5.06,Marr.,35.05,Direct,Non Promoted,Yes,Stay
230,Dwane,9876544345,Chennai,B1,Operation,Male,1,< =1,4.08,Single,28.02,Direct,Non Promoted,No,Left
231,Dwane,9876544345,Pune,B3,Operation,Male,1,< =1,15,Marr.,38.09,Direct,Non Promoted,Yes,Left
232,Dwane,9876544345,Bangalore,B2,Operation,Male,1,< =1,6.01,Marr.,36.06,Direct,Non Promoted,Yes,Stay
233,Dwane,9876544345,Bangalore,B1,Operation,Male,1,< =1,3.06,Single,29.05,Agency,Promoted,No,Left
234,Dwane,9876544345,Pune,B2,Operation,Female,1,< =1,6.02,Marr.,29.05,Direct,Non Promoted,Yes,Stay
235,Dwane,9876544345,Bangalore,B1,Operation,Female,1,< =1,6.01,Marr.,30.03,Direct,Non Promoted,Yes,Stay
236,Dwane,9876544345,Bangalore,B1,Operation,Male,1,< =1,10,Marr.,36.12,Direct,Non Promoted,Yes,Left
237,Dwane,9876544345,Bangalore,B2,Operation,Male,1,< =1,9,Single,28.12,Direct,Non Promoted,Yes,Left
238,Dwane,9876544345,Bangalore,B2,Operation,Male,1,< =1,4,Marr.,26.07,Direct,Non Promoted,Yes,Stay
239,Dwane,9876544345,Chennai,B1,Support,Female,1,< =1,5,Marr.,33.06,Direct,Non Promoted,Yes,Stay
240,Dwane,9876544345,Pune,B3,Operation,Male,1,< =1,9.01,Marr.,37.07,Agency,Promoted,No,Stay
241,Dwane,9876544345,Noida,B1,Operation,Female,1,< =1,2.05,Single,27,Agency,Non Promoted,No,Left
242,Dwane,9876544345,Chennai,B1,Operation,Male,1,< =1,3.08,Marr.,29.01,Direct,Non Promoted,Yes,Stay
243,Dwane,9876544345,Hyderabad,B2,Operation,Male,1,< =1,5.08,Marr.,32.02,Direct,Non Promoted,Yes,Stay
244,Dwane,9876544345,Bangalore,B2,Operation,Female,1,< =1,9,Marr.,30.07,Direct,Non Promoted,No,Stay
245,Dwane,9876544345,Chennai,B1,Operation,Female,1.01,> 1 & < =3,1.09,Single,23.08,Direct,Non Promoted,No,Left
246,Dwane,9876544345,Chennai,B1,Operation,Male,1,< =1,3.07,Single,26.09,Direct,Non Promoted,Yes,Stay
247,Dwane,9876544345,Noida,B1,Operation,Male,1,< =1,1.09,Single,26.09,Direct,Non Promoted,Yes,Stay
248,Dwane,9876544345,Bangalore,B2,Operation,Female,1,< =1,4,Single,25.01,Direct,Non Promoted,Yes,Stay
249,Dwane,9876544345,Bangalore,B2,Operation,Male,1,< =1,9,Marr.,31.03,Direct,Non Promoted,No,Left
250,Arnab,9876544345,Lucknow,B2,Operation,Male,1,< =1,7.05,Marr.,32.02,Direct,Non Promoted,Yes,Stay
251,Arnab,9876544345,Madurai,B1,Operation,Female,1,< =1,3.01,Marr.,26.05,Direct,Non Promoted,Yes,Stay
252,Arnab,9876544345,Noida,B1,Operation,Male,1,< =1,3.04,Single,24.01,Direct,Non Promoted,Yes,Stay
253,Arnab,9876544345,Madurai,B1,Operation,Male,1,< =1,7.02,Marr.,32.06,Direct,Non Promoted,Yes,Stay
254,Arnab,9876544345,Hyderabad,B3,Operation,Male,1,< =1,12.02,Marr.,38.11,Agency,Non Promoted,No,Left
255,Arnab,9876544345,Hyderabad,B1,Operation,Male,1.01,> 1 & < =3,7.01,Marr.,30.07,Direct,Promoted,Yes,Stay
256,Arnab,9876544345,Bangalore,B1,Operation,Male,1,< =1,4.02,Single,30.01,Direct,Promoted,Yes,Stay
257,Arnab,9876544345,Bangalore,B2,Operation,Male,1,< =1,6.08,Single,29.04,Direct,Non Promoted,Yes,Stay
258,Arnab,9876544345,Bangalore,B1,Operation,Male,1.01,> 1 & < =3,4.01,Single,27.03,Direct,Promoted,No,Left
259,Arnab,9876544345,Bangalore,B2,Operation,Male,1,< =1,6.09,Single,30.02,Direct,Promoted,Yes,Stay
260,Arnab,9876544345,Gurgaon,B1,Operation,Male,1,< =1,2.1,Single,25.11,Employee Referral,Non Promoted,Yes,Stay
261,Arnab,9876544345,Chennai,B2,Operation,Male,1.01,> 1 & < =3,6.11,Marr.,29.02,Direct,Non Promoted,Yes,Stay
262,Arnab,9876544345,Chennai,B1,Operation,Male,1,< =1,3.11,Single,25.06,Direct,Promoted,Yes,Stay
263,Arnab,9876544345,Hyderabad,B1,Operation,Male,1,< =1,5,Single,27.02,Agency,Non Promoted,No,Left
264,Arnab,9876544345,Noida,B2,Operation,Male,1.01,> 1 & < =3,7.11,Single,27.11,Direct,Promoted,No,Stay
265,Arnab,9876544345,Chennai,B1,Operation,Female,1.01,> 1 & < =3,4.05,Marr.,30.11,Agency,Non Promoted,Yes,Stay
266,Arnab,9876544345,Chennai,B2,Operation,Male,1,< =1,5,Single,28.04,Direct,Non Promoted,Yes,Stay
267,Arnab,9876544345,Noida,B1,Support,Male,1.01,> 1 & < =3,3.04,Single,26.05,Direct,Non Promoted,Yes,Stay
268,Arnab,9876544345,Bangalore,B2,Operation,Male,1.01,> 1 & < =3,6.05,Marr.,29.09,Direct,Non Promoted,Yes,Stay
269,Arnab,9876544345,Hyderabad,B3,Operation,Male,1.01,> 1 & < =3,12.01,Marr.,34.02,Direct,Non Promoted,No,Left
270,Arnab,9876544345,Noida,B2,Operation,Male,1.01,> 1 & < =3,8.06,Marr.,31.03,Direct,Non Promoted,Yes,Stay
271,Arnab,9876544345,Nagpur,B1,Operation,Female,1.01,> 1 & < =3,1.01,Marr.,29.04,Direct,Non Promoted,Yes,Stay
272,Arnab,9876544345,Noida,B1,Operation,Female,1.01,> 1 & < =3,1.08,Single,23.12,Direct,Promoted,No,Left
273,Arnab,9876544345,Chennai,B1,Operation,Male,1.01,> 1 & < =3,1.1,Single,24.04,Direct,Promoted,No,Left
274,Arnab,9876544345,Chennai,B2,Operation,Male,1.01,> 1 & < =3,8.03,Single,30.02,Direct,Promoted,Yes,Stay
275,Arnab,9876544345,Chennai,B2,Operation,Female,1.01,> 1 & < =3,5.09,Single,27.07,Direct,Non Promoted,Yes,Stay
276,Arnab,9876544345,Chennai,B1,Operation,Male,1.01,> 1 & < =3,3.03,Single,24.1,Agency,Promoted,No,Left
277,Arnab,9876544345,Chennai,B1,Operation,Male,1.01,> 1 & < =3,2.05,Single,25.03,Direct,Promoted,No,Left
278,Arnab,9876544345,Hyderabad,B1,Operation,Male,1.02,> 1 & < =3,6.04,Single,30.08,Agency,Non Promoted,Yes,Left
279,Arnab,9876544345,Bangalore,B2,Operation,Female,1.01,> 1 & < =3,6.01,Marr.,29.1,Direct,Promoted,Yes,Stay
280,Arnab,9876544345,Madurai,B1,Operation,Male,1.01,> 1 & < =3,5.06,Marr.,29.01,Direct,Promoted,Yes,Stay
281,Arnab,9876544345,Noida,B1,Support,Female,1.01,> 1 & < =3,4.09,Marr.,30.03,Direct,Non Promoted,Yes,Stay
282,Arnab,9876544345,Noida,B3,Operation,Male,1.01,> 1 & < =3,11.01,Marr.,33.08,Direct,Promoted,No,Stay
283,Arnab,9876544345,Gurgaon,B1,Operation,Male,1.01,> 1 & < =3,3.07,Single,25.06,Direct,Non Promoted,Yes,Stay
284,Arnab,9876544345,Chennai,B2,Operation,Male,1.02,> 1 & < =3,6.02,Single,29.04,Direct,Non Promoted,Yes,Stay
285,Arnab,9876544345,Chennai,B1,Operation,Female,1.02,> 1 & < =3,1.02,Single,23.09,Direct,Non Promoted,Yes,Stay
286,Arnab,9876544345,Noida,B1,Operation,Male,1.02,> 1 & < =3,1.02,Single,23.1,Direct,Non Promoted,No,Left
287,Arnab,9876544345,Lucknow,B2,Operation,Male,1.02,> 1 & < =3,6.07,Marr.,32.04,Employee Referral,Promoted,No,Stay
288,Arnab,9876544345,Chennai,B2,Operation,Male,1.02,> 1 & < =3,4.02,Single,25.11,Agency,Promoted,No,Left
289,Arnab,9876544345,Chennai,B1,Operation,Female,1.02,> 1 & < =3,2.02,Single,24.06,Direct,Non Promoted,Yes,Stay
290,Arnab,9876544345,Bangalore,B1,Operation,Male,1.02,> 1 & < =3,3.09,Single,30.06,Direct,Non Promoted,Yes,Stay
291,Arnab,9876544345,Hyderabad,B1,Operation,Female,1.02,> 1 & < =3,3.02,Single,26.01,Direct,Promoted,Yes,Stay
292,Arnab,9876544345,Nagpur,B1,Operation,Male,1.01,> 1 & < =3,3.09,Single,27.07,Direct,Promoted,No,Left
293,Arnab,9876544345,Noida,B1,Operation,Male,1.02,> 1 & < =3,1.02,Single,24.01,Direct,Non Promoted,Yes,Stay
294,Arnab,9876544345,Hyderabad,B1,Operation,Male,1.02,> 1 & < =3,5.07,Single,28.04,Direct,Promoted,Yes,Stay
295,Arnab,9876544345,Bangalore,B2,Operation,Female,1.02,> 1 & < =3,11.05,Marr.,32.08,Direct,Promoted,No,Stay
296,Arnab,9876544345,Noida,B6,Support,Male,1.02,> 1 & < =3,14.02,Marr.,40.06,Direct,Promoted,Yes,Stay
297,Arnab,9876544345,Lucknow,B0,Support,Male,1.02,> 1 & < =3,1.02,Single,24,Direct,Non Promoted,Yes,Stay
298,Arnab,9876544345,Noida,B2,Operation,Male,1.02,> 1 & < =3,7.02,Single,29.02,Direct,Promoted,No,Left
299,Arnab,9876544345,Chennai,B1,Operation,Male,1.02,> 1 & < =3,2.03,Single,24.03,Agency,Promoted,No,Left
300,Arnab,9876544345,Chennai,B1,Operation,Male,1.02,> 1 & < =3,4.06,Single,26.12,Direct,Promoted,Yes,Stay
301,Arnab,9876544345,Bangalore,B1,Operation,Male,1.02,> 1 & < =3,5.1,Marr.,30.09,Direct,Non Promoted,Yes,Stay
302,Arnab,9876544345,Chennai,B1,Operation,Male,1.02,> 1 & < =3,2.09,Single,27.05,Direct,Non Promoted,No,Left
303,Arnab,9876544345,Noida,B2,Operation,Male,1.02,> 1 & < =3,6.02,Single,29.02,Direct,Non Promoted,Yes,Stay
304,Arnab,9876544345,Noida,B1,Sales,Female,1.02,> 1 & < =3,1.07,Single,25.03,Direct,Non Promoted,Yes,Stay
305,Arnab,9876544345,Noida,B1,Operation,Male,1.02,> 1 & < =3,4.07,Single,26.05,Agency,Non Promoted,No,Left
306,Arnab,9876544345,Chennai,B1,Operation,Male,1.03,> 1 & < =3,2.08,Single,26.05,Direct,Promoted,Yes,Stay
307,Arnab,9876544345,Noida,B1,Operation,Male,1.02,> 1 & < =3,6.02,Marr.,27.1,Direct,Non Promoted,Yes,Left
308,Arnab,9876544345,Noida,B2,Operation,Male,1.02,> 1 & < =3,5.02,Single,27.04,Employee Referral,Non Promoted,Yes,Stay
309,Arnab,9876544345,Noida,B1,Support,Male,1.02,> 1 & < =3,3.07,Single,28.06,Direct,Promoted,No,Left
310,Arnab,9876544345,Chennai,B1,Operation,Male,1.02,> 1 & < =3,2.03,Single,23.09,Direct,Non Promoted,Yes,Stay
311,Arnab,9876544345,Noida,B1,Support,Female,1.03,> 1 & < =3,1.03,Single,24.04,Direct,Promoted,No,Left
312,Arnab,9876544345,Noida,B1,Operation,Female,1.02,> 1 & < =3,3,Single,25.1,Agency,Promoted,No,Left
313,Arnab,9876544345,Noida,B2,Operation,Male,1.03,> 1 & < =3,4.11,Single,28.09,Direct,Promoted,No,Left
314,Arnab,9876544345,Bangalore,B2,Operation,Male,1.02,> 1 & < =3,6.05,Marr.,28.1,Direct,Non Promoted,No,Left
315,Arnab,9876544345,Chennai,B1,Operation,Male,1.03,> 1 & < =3,2.08,Single,24.07,Direct,Non Promoted,No,Left
316,Arnab,9876544345,Chennai,B1,Operation,Male,1.03,> 1 & < =3,5.03,Single,27.12,Direct,Promoted,No,Stay
317,Arnab,9876544345,Noida,B2,Operation,Male,1.02,> 1 & < =3,4.02,Marr.,27.06,Employee Referral,Promoted,No,Left
318,Arnab,9876544345,Noida,B2,Operation,Male,1.03,> 1 & < =3,7.07,Marr.,35.05,Agency,Non Promoted,Yes,Stay
319,Arnab,9876544345,Noida,B3,Support,Male,1.03,> 1 & < =3,12.03,Marr.,35.1,Direct,Non Promoted,Yes,Stay
320,Arnab,9876544345,Kolkata,B1,Operation,Female,1.03,> 1 & < =3,5.11,Single,28.1,Direct,Non Promoted,Yes,Stay
321,Arnab,9876544345,Hyderabad,B2,Operation,Male,1.08,> 1 & < =3,1.08,Marr.,43.1,Direct,Non Promoted,Yes,Stay
322,Arnab,9876544345,Hyderabad,B1,Operation,Male,1.08,> 1 & < =3,1.08,Single,25.07,Direct,Non Promoted,Yes,Stay
323,Arnab,9876544345,Hyderabad,B2,Operation,Male,1.08,> 1 & < =3,1.08,Single,26.08,Direct,Non Promoted,Yes,Stay
324,Arnab,9876544345,Hyderabad,B2,Operation,Male,1.08,> 1 & < =3,1.08,Single,33.03,Direct,Non Promoted,No,Left
325,Arnab,9876544345,Lucknow,B0,Support,Female,1.03,> 1 & < =3,1.03,Single,24.02,Direct,Non Promoted,No,Left
326,Arnab,9876544345,Noida,B1,Operation,Female,1.03,> 1 & < =3,1.03,Single,23,Direct,Non Promoted,No,Left
327,Arnab,9876544345,Chennai,B1,Operation,Male,1.03,> 1 & < =3,4.03,Marr.,29.02,Direct,Non Promoted,Yes,Stay
328,Arnab,9876544345,Noida,B2,Operation,Male,1.03,> 1 & < =3,8.03,Marr.,35.07,Employee Referral,Non Promoted,Yes,Stay
329,Arnab,9876544345,Bangalore,B2,Operation,Male,1.03,> 1 & < =3,6.03,Single,34.01,Direct,Promoted,No,Stay
330,Arnab,9876544345,Bangalore,B1,Operation,Male,1.03,> 1 & < =3,1.09,Marr.,27.11,Direct,Non Promoted,Yes,Stay
331,Arnab,9876544345,Pune,B2,Operation,Male,1.03,> 1 & < =3,11.08,Marr.,34.06,Direct,Promoted,Yes,Stay
332,Arnab,9876544345,Noida,B1,Operation,Female,1.03,> 1 & < =3,4.03,Single,27.04,Direct,Non Promoted,Yes,Stay
333,Arnab,9876544345,Noida,B1,Support,Male,1.03,> 1 & < =3,1.03,Single,24.09,Direct,Non Promoted,No,Left
334,Arnab,9876544345,Chennai,B2,Operation,Male,1.03,> 1 & < =3,12.03,Marr.,35.08,Direct,Promoted,No,Stay
335,Arnab,9876544345,Bangalore,B2,Operation,Male,1.03,> 1 & < =3,8.03,Marr.,30.05,Direct,Non Promoted,Yes,Stay
336,Arnab,9876544345,Chennai,B1,Operation,Male,1.03,> 1 & < =3,4.03,Single,35.08,Direct,Promoted,Yes,Stay
337,Arnab,9876544345,Chennai,B1,Operation,Female,1.03,> 1 & < =3,4.03,Marr.,25.06,Direct,Promoted,No,Stay
338,Arnab,9876544345,Hyderabad,B2,Operation,Female,1.03,> 1 & < =3,7.06,Marr.,37.06,Direct,Promoted,No,Stay
339,Arnab,9876544345,Bangalore,B3,Operation,Female,1.03,> 1 & < =3,14,Marr.,38.09,Direct,Promoted,No,Stay
340,Arnab,9876544345,Noida,B2,Operation,Male,1.03,> 1 & < =3,7.05,Marr.,30.05,Direct,Non Promoted,Yes,Stay
341,Arnab,9876544345,Noida,B2,Operation,Male,1.03,> 1 & < =3,5.03,Single,27.08,Direct,Promoted,No,Left
342,Arnab,9876544345,Noida,B2,Operation,Male,1.03,> 1 & < =3,4.1,Single,29.09,Agency,Non Promoted,Yes,Stay
343,Arnab,9876544345,Noida,B1,Operation,Female,1.03,> 1 & < =3,2.07,Single,27.03,Agency,Non Promoted,Yes,Stay
344,Arnab,9876544345,Pune,B1,Operation,Female,1.03,> 1 & < =3,4.08,Single,26.05,Direct,Promoted,Yes,Stay
345,Arnab,9876544345,Chennai,B1,Operation,Male,1.03,> 1 & < =3,1.03,Single,23.04,Direct,Non Promoted,Yes,Stay
346,Arnab,9876544345,Pune,B2,Operation,Male,1.03,> 1 & < =3,6.08,Marr.,32.1,Employee Referral,Promoted,No,Left
347,Arnab,9876544345,Bangalore,B1,Operation,Female,1.03,> 1 & < =3,3.02,Single,27.11,Direct,Promoted,No,Left
348,Arnab,9876544345,Chennai,B1,Operation,Female,1.03,> 1 & < =3,5.03,Single,27.07,Direct,Promoted,No,Stay
349,Arnab,9876544345,Hyderabad,B2,Operation,Female,1.04,> 1 & < =3,12.1,Single,40.02,Direct,Non Promoted,Yes,Stay
350,Arnab,9876544345,Chennai,B1,Operation,Male,1.04,> 1 & < =3,3.11,Single,29,Direct,Non Promoted,Yes,Stay
351,Arnab,9876544345,Bangalore,B1,Operation,Female,1.03,> 1 & < =3,2.06,Single,23.08,Direct,Non Promoted,Yes,Stay
352,Arnab,9876544345,Hyderabad,B1,Operation,Male,1.04,> 1 & < =3,3.1,Single,26.03,Direct,Promoted,No,Left
353,Arnab,9876544345,Noida,B3,Support,Female,1.03,> 1 & < =3,15.05,Marr.,37.03,Agency,Non Promoted,No,Left
354,Arnab,9876544345,Chennai,B4,Support,Male,1.04,> 1 & < =3,16.04,Marr.,42.05,Direct,Non Promoted,Yes,Stay
355,Arnab,9876544345,Bangalore,B1,Operation,Female,1.04,> 1 & < =3,4.04,Single,26.09,Direct,Non Promoted,Yes,Stay
356,Arnab,9876544345,Bangalore,B2,Operation,Male,1.04,> 1 & < =3,7.03,Single,30.04,Agency,Non Promoted,Yes,Left
357,Arnab,9876544345,Bangalore,B1,Operation,Female,1.04,> 1 & < =3,5.1,Marr.,26.1,Agency,Promoted,No,Left
358,Arnab,9876544345,Bangalore,B2,Operation,Male,1.04,> 1 & < =3,8.04,Single,29.06,Direct,Promoted,Yes,Stay
359,Arnab,9876544345,Chennai,B2,Operation,Male,1.04,> 1 & < =3,8.04,Marr.,32.05,Direct,Promoted,No,Stay
360,Arnab,9876544345,Noida,B1,Operation,Female,1.04,> 1 & < =3,5.08,Single,28.03,Direct,Promoted,No,Left
361,Arnab,9876544345,Noida,B2,Operation,Male,1.04,> 1 & < =3,8.01,Marr.,32.07,Direct,Promoted,Yes,Stay
362,Arnab,9876544345,Lucknow,B1,Operation,Female,1.04,> 1 & < =3,2.04,Single,24.08,Direct,Non Promoted,Yes,Stay
363,Arnab,9876544345,Noida,B1,Operation,Male,1.04,> 1 & < =3,4.07,Single,27.02,Direct,Promoted,No,Left
364,Arnab,9876544345,Nagpur,B1,Operation,Female,1.04,> 1 & < =3,4.06,Single,29.09,Direct,Promoted,No,Left
365,Arnab,9876544345,Bangalore,B3,Operation,Male,1.04,> 1 & < =3,15.04,Marr.,37.02,Direct,Promoted,No,Stay
366,Arnab,9876544345,Pune,B1,Operation,Male,1.04,> 1 & < =3,6.04,Marr.,31.03,Direct,Promoted,No,Left
367,Arnab,9876544345,Chennai,B1,Operation,Female,1.04,> 1 & < =3,2,Single,23.02,Direct,Non Promoted,Yes,Stay
368,Arnab,9876544345,Noida,B1,Support,Male,1.04,> 1 & < =3,6,Marr.,30.04,Direct,Promoted,Yes,Stay
369,Arnab,9876544345,Bangalore,B1,Operation,Female,1.04,> 1 & < =3,2.06,Marr.,26.1,Direct,Promoted,No,Left
370,Arnab,9876544345,Hyderabad,B1,Operation,Male,1.04,> 1 & < =3,3.1,Single,26.09,Direct,Promoted,No,Left
371,Arnab,9876544345,Hyderabad,B1,Operation,Male,1.04,> 1 & < =3,2.05,Single,23.07,Employee Referral,Promoted,Yes,Stay
372,Arnab,9876544345,Chennai,B1,Operation,Male,1.04,> 1 & < =3,4,Single,26.1,Direct,Non Promoted,Yes,Stay
373,Arnab,9876544345,Nagpur,B1,Operation,Male,1.04,> 1 & < =3,4,Single,26.05,Direct,Non Promoted,Yes,Stay
374,Arnab,9876544345,Chennai,B2,Operation,Male,1.04,> 1 & < =3,8,Marr.,35.07,Agency,Promoted,Yes,Stay
375,Arnab,9876544345,Noida,B2,Operation,Male,1.04,> 1 & < =3,4.06,Single,24.09,Agency,Promoted,No,Stay
376,Arnab,9876544345,Noida,B2,Operation,Female,1.04,> 1 & < =3,5,Single,27.06,Direct,Promoted,No,Left
377,Arnab,9876544345,Chennai,B2,Operation,Male,1.04,> 1 & < =3,5.04,Marr.,31.1,Direct,Promoted,No,Left
378,Arnab,9876544345,Bangalore,B2,Operation,Female,1.05,> 1 & < =3,10.07,Marr.,37.06,Direct,Promoted,No,Stay
379,Arnab,9876544345,Bangalore,B1,Operation,Male,1.04,> 1 & < =3,6,Single,28.11,Direct,Promoted,No,Left
380,Arnab,9876544345,Noida,B1,Operation,Female,1.05,> 1 & < =3,4.05,Single,27.08,Direct,Promoted,No,Stay
381,Arnab,9876544345,Chennai,B1,Operation,Male,1.04,> 1 & < =3,5.05,Marr.,28.02,Direct,Promoted,No,Stay
382,Arnab,9876544345,Noida,B1,Operation,Male,1.04,> 1 & < =3,4.11,Single,27.03,Direct,Promoted,No,Left
383,Arnab,9876544345,Chennai,B2,Operation,Female,1.04,> 1 & < =3,9.04,Marr.,31.01,Direct,Non Promoted,Yes,Stay
384,Arnab,9876544345,Chennai,B2,Operation,Female,1.05,> 1 & < =3,4.09,Marr.,26.08,Direct,Promoted,No,Stay
385,Arnab,9876544345,Madurai,B1,Operation,Male,1.05,> 1 & < =3,5.07,Marr.,27.07,Direct,Promoted,No,Left
386,Arnab,9876544345,Bangalore,B1,Operation,Male,1.05,> 1 & < =3,3.06,Single,26.1,Direct,Promoted,Yes,Stay
387,Arnab,9876544345,Hyderabad,B1,Operation,Male,1.05,> 1 & < =3,5.1,Marr.,28.02,Direct,Non Promoted,Yes,Left
388,Arnab,9876544345,Noida,B2,Operation,Female,1.04,> 1 & < =3,5.1,Marr.,29.04,Employee Referral,Promoted,Yes,Stay
389,Arnab,9876544345,Noida,B2,Operation,Male,1.04,> 1 & < =3,7.05,Single,30.02,Direct,Non Promoted,Yes,Stay
390,Arnab,9876544345,Noida,B3,Support,Male,1.05,> 1 & < =3,8.07,Marr.,37.04,Direct,Promoted,No,Stay
391,Arnab,9876544345,Noida,B1,Operation,Female,1.04,> 1 & < =3,6.07,Single,28.09,Direct,Non Promoted,Yes,Stay
392,Arnab,9876544345,Noida,B1,Operation,Female,1.05,> 1 & < =3,2.04,Single,24.05,Direct,Promoted,No,Left
393,Arnab,9876544345,Chennai,B1,Operation,Female,1.05,> 1 & < =3,3.11,Single,25.09,Direct,Non Promoted,Yes,Stay
394,Arnab,9876544345,Bangalore,B2,Operation,Female,1.05,> 1 & < =3,6.02,Marr.,29.07,Direct,Promoted,No,Stay
395,Arnab,9876544345,Bangalore,B1,Operation,Male,1.05,> 1 & < =3,2.01,Single,25.11,Direct,Promoted,No,Left
396,Arnab,9876544345,Bangalore,B2,Operation,Male,1.05,> 1 & < =3,6.03,Marr.,31.07,Direct,Promoted,No,Stay
397,Arnab,9876544345,Hyderabad,B2,Operation,Male,1.05,> 1 & < =3,8.11,Marr.,31.04,Direct,Promoted,No,Stay
398,Arnab,9876544345,Chennai,B4,Operation,Male,1.05,> 1 & < =3,18.05,Marr.,47.09,Direct,Promoted,No,Stay
399,Arnab,9876544345,Noida,B1,Operation,Male,1.05,> 1 & < =3,4.1,Single,29.02,Direct,Non Promoted,Yes,Stay
400,Arnab,9876544345,Noida,B1,Support,Female,1.05,> 1 & < =3,2,Single,24.05,Direct,Non Promoted,Yes,Stay
401,Arnab,9876544345,Pune,B1,Operation,Male,1.05,> 1 & < =3,6.04,Single,29.09,Direct,Promoted,Yes,Stay
402,Arnab,9876544345,Hyderabad,B1,Operation,Male,1.05,> 1 & < =3,4.08,Single,27.08,Direct,Non Promoted,Yes,Stay
403,Arnab,9876544345,Pune,B1,Operation,Male,1.05,> 1 & < =3,5,Marr.,29.02,Direct,Non Promoted,Yes,Stay
404,Arnab,9876544345,Madurai,B1,Operation,Female,1.05,> 1 & < =3,1.05,Single,24.02,Direct,Promoted,No,Left
405,Arnab,9876544345,Bangalore,B2,Operation,Male,1.05,> 1 & < =3,9.06,Marr.,32.07,Direct,Non Promoted,Yes,Stay
406,Arnab,9876544345,Bangalore,B2,Operation,Male,1.05,> 1 & < =3,4.01,Single,28.05,Direct,Promoted,Yes,Stay
407,Arnab,9876544345,Hyderabad,B1,Operation,Male,1.05,> 1 & < =3,3,Single,25.09,Direct,Non Promoted,Yes,Stay
408,Arnab,9876544345,Chennai,B1,Operation,Female,1.05,> 1 & < =3,5.01,Single,26.08,Employee Referral,Non Promoted,Yes,Stay
409,Arnab,9876544345,Chennai,B1,Support,Male,1.05,> 1 & < =3,4.03,Single,24.09,Direct,Promoted,No,Left
410,Arnab,9876544345,Noida,B3,Operation,Male,1.05,> 1 & < =3,13.05,Marr.,37.08,Employee Referral,Non Promoted,Yes,Stay
411,Arnab,9876544345,Noida,B7,Support,Male,1.05,> 1 & < =3,21.06,Marr.,45.05,Direct,Promoted,Yes,Stay
412,Arnab,9876544345,Noida,B1,Operation,Male,1.05,> 1 & < =3,5.1,Single,28.06,Direct,Non Promoted,Yes,Stay
413,Arnab,9876544345,Chennai,B1,Support,Male,1.05,> 1 & < =3,5.02,Marr.,31.03,Direct,Promoted,No,Left
414,Arnab,9876544345,Noida,B1,Operation,Female,1.05,> 1 & < =3,4.09,Single,28.05,Direct,Non Promoted,Yes,Stay
415,Arnab,9876544345,Noida,B1,Operation,Female,1.05,> 1 & < =3,3.08,Single,30.1,Direct,Promoted,No,Left
416,Arnab,9876544345,Bangalore,B2,Operation,Female,1.05,> 1 & < =3,6.05,Single,27.03,Direct,Non Promoted,No,Left
417,Arnab,9876544345,Noida,B1,Operation,Male,1.06,> 1 & < =3,2.04,Single,24.02,Direct,Promoted,No,Left
418,Arnab,9876544345,Hyderabad,B1,Operation,Male,1.05,> 1 & < =3,3.11,Single,26.11,Direct,Non Promoted,Yes,Stay
419,Arnab,9876544345,Noida,B2,Operation,Male,1.05,> 1 & < =3,6.05,Single,29.01,Agency,Non Promoted,Yes,Stay
420,Arnab,9876544345,Lucknow,B2,Operation,Male,1.05,> 1 & < =3,9.02,Marr.,30.07,Direct,Promoted,No,Stay
421,Arnab,9876544345,Pune,B4,Operation,Male,1.06,> 1 & < =3,13.08,Marr.,37.09,Direct,Promoted,No,Stay
422,Arnab,9876544345,Bangalore,B1,Operation,Male,1.05,> 1 & < =3,5.11,Single,28.04,Direct,Promoted,No,Left
423,Arnab,9876544345,Noida,B2,Operation,Female,1.05,> 1 & < =3,6.05,Single,30.04,Direct,Promoted,Yes,Stay
424,Arnab,9876544345,Noida,B1,Support,Female,1.06,> 1 & < =3,4.04,Single,26.03,Direct,Promoted,No,Stay
425,Arnab,9876544345,Chennai,B1,Operation,Male,1.05,> 1 & < =3,5.07,Single,28,Direct,Promoted,Yes,Stay
426,Arnab,9876544345,Noida,B1,Operation,Male,1.05,> 1 & < =3,1.05,Single,23.12,Direct,Non Promoted,Yes,Stay
427,Arnab,9876544345,Chennai,B3,Operation,Male,1.05,> 1 & < =3,13.1,Marr.,37.11,Direct,Promoted,No,Stay
428,Arnab,9876544345,Chennai,B2,Operation,Male,1.05,> 1 & < =3,6.11,Single,28.05,Direct,Non Promoted,No,Left
429,Arnab,9876544345,Pune,B1,Operation,Male,1.06,> 1 & < =3,5.02,Single,27.04,Agency,Promoted,No,Stay
430,Arnab,9876544345,Hyderabad,B1,Operation,Female,1.06,> 1 & < =3,5.01,Marr.,26.07,Direct,Promoted,No,Stay
431,Arnab,9876544345,Chennai,B1,Operation,Male,1.06,> 1 & < =3,4.06,Marr.,31.06,Direct,Promoted,No,Stay
432,Arnab,9876544345,Chennai,B1,Operation,Male,1.06,> 1 & < =3,4.06,Single,26.01,Direct,Promoted,Yes,Stay
433,Arnab,9876544345,Pune,B1,Operation,Male,1.06,> 1 & < =3,4.06,Single,27.06,Direct,Non Promoted,No,Left
434,Arnab,9876544345,Bangalore,B2,Operation,Female,1.06,> 1 & < =3,5.1,Single,27.1,Direct,Non Promoted,Yes,Stay
435,Arnab,9876544345,Noida,B2,Operation,Male,1.06,> 1 & < =3,5.02,Single,27.07,Direct,Promoted,No,Left
436,Arnab,9876544345,Noida,B1,Operation,Female,1.06,> 1 & < =3,3,Single,25.02,Direct,Promoted,No,Left
437,Arnab,9876544345,Bangalore,B1,Operation,Female,1.06,> 1 & < =3,2.11,Marr.,25.07,Direct,Non Promoted,Yes,Stay
438,Arnab,9876544345,Bangalore,B1,Operation,Male,1.06,> 1 & < =3,4.08,Single,26.08,Direct,Promoted,No,Left
439,Arnab,9876544345,Madurai,B2,Operation,Male,1.06,> 1 & < =3,7.09,Marr.,33.08,Direct,Promoted,Yes,Stay
440,Arnab,9876544345,Bangalore,B1,Operation,Male,1.06,> 1 & < =3,7.08,Single,28.02,Direct,Promoted,No,Stay
441,Arnab,9876544345,Chennai,B2,Sales,Female,1.07,> 1 & < =3,3.07,Single,28.01,Direct,Promoted,No,Left
442,Arnab,9876544345,Chennai,B1,Operation,Male,1.06,> 1 & < =3,4.1,Single,28.07,Direct,Non Promoted,Yes,Stay
443,Arnab,9876544345,Noida,B2,Operation,Male,1.07,> 1 & < =3,1.07,Single,25.11,Direct,Non Promoted,Yes,Stay
444,Arnab,9876544345,Bangalore,B2,Operation,Male,1.06,> 1 & < =3,7.06,Marr.,34.06,Agency,Non Promoted,Yes,Stay
445,Arnab,9876544345,Lucknow,B1,Operation,Male,1.06,> 1 & < =3,3.08,Single,26.08,Direct,Promoted,No,Left
446,Arnab,9876544345,Mumbai,B1,Operation,Female,1.06,> 1 & < =3,2.08,Single,25.04,Direct,Non Promoted,No,Left
447,Arnab,9876544345,Noida,B4,Sales,Male,1.06,> 1 & < =3,11.06,Marr.,32,Employee Referral,Promoted,Yes,Stay
448,Arnab,9876544345,Noida,B3,Operation,Male,1.06,> 1 & < =3,8.06,Marr.,31.05,Direct,Non Promoted,Yes,Stay
449,Arnab,9876544345,Chennai,B1,Operation,Male,1.07,> 1 & < =3,3.02,Single,28.01,Direct,Promoted,No,Left
450,Arnab,9876544345,Chennai,B1,Operation,Female,1.06,> 1 & < =3,5,Single,28.11,Direct,Promoted,Yes,Left
451,Arnab,9876544345,Bangalore,B2,Operation,Male,1.06,> 1 & < =3,5.1,Marr.,28.03,Direct,Promoted,Yes,Stay
452,Arnab,9876544345,Bangalore,B2,Operation,Male,1.06,> 1 & < =3,4.06,Single,28.05,Direct,Promoted,No,Left
453,Arnab,9876544345,Bangalore,B2,Operation,Male,1.07,> 1 & < =3,8.07,Marr.,30.11,Direct,Promoted,No,Stay
454,Arnab,9876544345,Pune,B1,Operation,Female,1.07,> 1 & < =3,4.03,Single,29.05,Direct,Promoted,No,Left
455,Arnab,9876544345,Chennai,B2,Operation,Male,1.06,> 1 & < =3,3.11,Marr.,28.03,Employee Referral,Promoted,Yes,Stay
456,Arnab,9876544345,Noida,B3,Operation,Male,1.07,> 1 & < =3,11.07,Marr.,38.06,Direct,Non Promoted,Yes,Stay
457,Arnab,9876544345,Chennai,B1,Operation,Female,1.08,> 1 & < =3,1.08,Marr.,28.05,Direct,Promoted,Yes,Stay
458,Arnab,9876544345,Noida,B2,Operation,Male,1.07,> 1 & < =3,6.07,Single,27.06,Direct,Promoted,Yes,Stay
459,Arnab,9876544345,Bangalore,B1,Operation,Male,1.07,> 1 & < =3,2.07,Single,25.12,Direct,Non Promoted,Yes,Stay
460,Arnab,9876544345,Bangalore,B1,Operation,Male,1.06,> 1 & < =3,4.06,Single,26.11,Employee Referral,Promoted,Yes,Stay
461,Arnab,9876544345,Noida,B2,Operation,Male,1.06,> 1 & < =3,9.01,Marr.,32.06,Direct,Non Promoted,Yes,Stay
462,Arnab,9876544345,Nagpur,B1,Operation,Male,1.07,> 1 & < =3,4.01,Single,28.08,Direct,Non Promoted,No,Left
463,Arnab,9876544345,Noida,B2,Operation,Male,1.07,> 1 & < =3,6.03,Single,28.03,Direct,Non Promoted,No,Stay
464,Arnab,9876544345,Madurai,B1,Operation,Male,1.07,> 1 & < =3,6.02,Marr.,28.09,Direct,Non Promoted,No,Stay
465,Arnab,9876544345,Noida,B0,Support,Male,1.07,> 1 & < =3,1.07,Single,27.04,Direct,Promoted,No,Left
466,Arnab,9876544345,Chennai,B1,Operation,Male,1.07,> 1 & < =3,5.07,Single,27.04,Direct,Promoted,No,Left
467,Arnab,9876544345,Bangalore,B2,Operation,Female,1.07,> 1 & < =3,11.02,Marr.,33.08,Direct,Promoted,No,Stay
468,Arnab,9876544345,Chennai,B2,Operation,Male,1.07,> 1 & < =3,6.02,Marr.,41.04,Direct,Promoted,Yes,Stay
469,Arnab,9876544345,Chennai,B1,Operation,Male,1.07,> 1 & < =3,5.03,Single,28.07,Direct,Promoted,No,Left
470,Arnab,9876544345,Chennai,B2,Operation,Male,1.07,> 1 & < =3,7.09,Marr.,32.04,Direct,Promoted,No,Stay
471,Arnab,9876544345,Madurai,B1,Operation,Male,1.07,> 1 & < =3,1.07,Single,29.03,Direct,Promoted,No,Left
472,Arnab,9876544345,Chennai,B1,Operation,Female,1.08,> 1 & < =3,5,Marr.,26.07,Direct,Promoted,No,Stay
473,Arnab,9876544345,Chennai,B1,Operation,Female,1.07,> 1 & < =3,1.07,Marr.,25.03,Direct,Non Promoted,Yes,Stay
474,Arnab,9876544345,Pune,B2,Operation,Male,1.07,> 1 & < =3,7.08,Marr.,31.09,Direct,Promoted,Yes,Stay
475,Arnab,9876544345,Chennai,B1,Operation,Male,1.07,> 1 & < =3,3.08,Single,26.11,Direct,Promoted,No,Left
476,Arnab,9876544345,Chennai,B2,Operation,Male,1.08,> 1 & < =3,7.1,Marr.,35.06,Direct,Promoted,No,Stay
477,Arnab,9876544345,Bangalore,B1,Operation,Female,1.08,> 1 & < =3,1.08,Single,23.1,Direct,Promoted,No,Left
478,Arnab,9876544345,Hyderabad,B1,Operation,Male,1.07,> 1 & < =3,6.09,Marr.,35.11,Direct,Promoted,No,Stay
479,Arnab,9876544345,Noida,B1,Support,Female,1.08,> 1 & < =3,2.11,Marr.,26.12,Direct,Promoted,No,Left
480,Arnab,9876544345,Madurai,B1,Operation,Male,1.08,> 1 & < =3,4.08,Single,30.05,Direct,Promoted,Yes,Stay
481,Arnab,9876544345,Madurai,B2,Operation,Male,1.08,> 1 & < =3,7.11,Single,29.06,Direct,Promoted,Yes,Stay
482,Arnab,9876544345,Madurai,B1,Operation,Male,1.07,> 1 & < =3,6.11,Single,27.08,Direct,Promoted,Yes,Stay
483,Arnab,9876544345,Noida,B2,Operation,Male,1.07,> 1 & < =3,7.03,Marr.,30.11,Direct,Promoted,No,Stay
484,Arnab,9876544345,Noida,B0,Support,Female,1.08,> 1 & < =3,1.08,Marr.,24.01,Direct,Promoted,No,Left
485,Arnab,9876544345,Lucknow,B1,Support,Male,1.08,> 1 & < =3,6.08,Single,28.03,Direct,Promoted,No,Stay
486,Arnab,9876544345,Bangalore,B2,Operation,Male,1.08,> 1 & < =3,5.04,Marr.,35.08,Agency,Promoted,No,Stay
487,Arnab,9876544345,Hyderabad,B3,Operation,Male,1.08,> 1 & < =3,11.08,Marr.,38.07,Employee Referral,Promoted,Yes,Stay
488,Arnab,9876544345,Noida,B1,Support,Male,1.08,> 1 & < =3,5.01,Marr.,29.05,Direct,Promoted,Yes,Stay
489,Arnab,9876544345,Pune,B1,Operation,Female,1.08,> 1 & < =3,2.08,Single,25.11,Direct,Promoted,No,Left
490,Arnab,9876544345,Noida,B1,Operation,Male,1.08,> 1 & < =3,3.08,Single,26.1,Direct,Non Promoted,Yes,Stay
491,Arnab,9876544345,Bangalore,B1,Operation,Female,1.08,> 1 & < =3,2.1,Single,25.09,Direct,Promoted,Yes,Stay
492,Arnab,9876544345,Hyderabad,B1,Operation,Male,1.08,> 1 & < =3,3.1,Single,27.07,Direct,Promoted,No,Left
493,Arnab,9876544345,Noida,B1,Operation,Female,1.08,> 1 & < =3,1.09,Single,24.05,Direct,Promoted,No,Left
494,Arnab,9876544345,Bangalore,B1,Operation,Male,1.08,> 1 & < =3,4.09,Single,25.1,Direct,Promoted,Yes,Stay
495,Arnab,9876544345,Chennai,B1,Operation,Female,1.09,> 1 & < =3,5.03,Single,27.05,Direct,Non Promoted,Yes,Stay
496,Arnab,9876544345,Bangalore,B1,Operation,Female,1.09,> 1 & < =3,6.11,Marr.,27.05,Employee Referral,Non Promoted,No,Stay
497,Arnab,9876544345,Bangalore,B1,Operation,Female,1.09,> 1 & < =3,2.1,Single,25.02,Direct,Non Promoted,Yes,Stay
498,Arnab,9876544345,Chennai,B1,Operation,Male,1.09,> 1 & < =3,6.04,Single,30.03,Direct,Non Promoted,Yes,Stay
499,Arnab,9876544345,Noida,B2,Operation,Male,1.09,> 1 & < =3,8.02,Marr.,33.08,Direct,Promoted,Yes,Stay
500,Arnab,9876544345,Bangalore,B2,Operation,Female,1.09,> 1 & < =3,6.02,Single,29.11,Direct,Promoted,No,Stay
501,Arnab,9876544345,Bangalore,B1,Operation,Male,1.09,> 1 & < =3,5.09,Marr.,28.03,Agency,Promoted,No,Left
502,Arnab,9876544345,Chennai,B1,Support,Male,1.09,> 1 & < =3,3.04,Single,27.06,Direct,Promoted,No,Left
503,Arnab,9876544345,Chennai,B1,Operation,Male,1.09,> 1 & < =3,5.11,Single,29.08,Direct,Promoted,No,Left
504,Arnab,9876544345,Pune,B1,Operation,Male,1.09,> 1 & < =3,4.05,Marr.,33.07,Direct,Promoted,Yes,Stay
505,Arnab,9876544345,Chennai,B1,Operation,Male,1.08,> 1 & < =3,7,Single,30.11,Direct,Promoted,Yes,Stay
506,Arnab,9876544345,Noida,B1,Operation,Male,1.09,> 1 & < =3,7.11,Marr.,35.04,Direct,Promoted,Yes,Stay
507,Arnab,9876544345,Bangalore,B2,Operation,Male,1.09,> 1 & < =3,11.09,Marr.,36.07,Agency,Non Promoted,Yes,Stay
508,Arnab,9876544345,Chennai,B1,Operation,Male,1.09,> 1 & < =3,3.08,Single,26.06,Direct,Promoted,No,Left
509,Arnab,9876544345,Bangalore,B3,Operation,Male,1.1,> 1 & < =3,11.1,Marr.,43.1,Agency,Promoted,No,Stay
510,Arnab,9876544345,Chennai,B1,Operation,Female,1.1,> 1 & < =3,1.1,Single,23.06,Direct,Promoted,No,Left
511,Arnab,9876544345,Noida,B1,Operation,Male,1.09,> 1 & < =3,3.02,Single,28.02,Direct,Promoted,Yes,Stay
512,Arnab,9876544345,Bangalore,B1,Operation,Male,1.1,> 1 & < =3,1.1,Single,23.08,Direct,Non Promoted,Yes,Stay
513,Arnab,9876544345,Chennai,B2,Operation,Male,1.1,> 1 & < =3,3.03,Single,26.07,Direct,Non Promoted,Yes,Stay
514,Arnab,9876544345,Noida,B1,Operation,Male,1.1,> 1 & < =3,3,Single,24.12,Direct,Non Promoted,Yes,Stay
515,Arnab,9876544345,Noida,B2,Operation,Male,1.09,> 1 & < =3,5.09,Single,27.07,Direct,Non Promoted,Yes,Stay
516,Arnab,9876544345,Chennai,B1,Operation,Male,1.09,> 1 & < =3,5.01,Single,27.07,Direct,Promoted,Yes,Left
517,Arnab,9876544345,Hyderabad,B1,Operation,Male,1.09,> 1 & < =3,5.06,Marr.,29.03,Direct,Promoted,Yes,Stay
518,Arnab,9876544345,Pune,B4,Operation,Male,1.09,> 1 & < =3,21.05,Marr.,46.05,Direct,Promoted,Yes,Stay
519,Arnab,9876544345,Bangalore,B1,Operation,Male,1.09,> 1 & < =3,5.02,Single,26.08,Direct,Promoted,No,Left
520,Arnab,9876544345,Noida,B1,Operation,Male,1.1,> 1 & < =3,5.1,Single,27.12,Direct,Promoted,No,Left
521,Arnab,9876544345,Bangalore,B2,Operation,Male,1.1,> 1 & < =3,6,Single,26.06,Direct,Promoted,No,Stay
522,Arnab,9876544345,Bangalore,B1,Operation,Female,2,> 1 & < =3,2,Marr.,29.02,Direct,Promoted,No,Left
523,Arnab,9876544345,Bangalore,B1,Operation,Female,1.1,> 1 & < =3,4,Marr.,36.09,Direct,Promoted,Yes,Stay
524,Arnab,9876544345,Chennai,B2,Operation,Female,1.1,> 1 & < =3,4.11,Marr.,28.03,Direct,Promoted,No,Left
525,Arnab,9876544345,Chennai,B3,Operation,Male,1.1,> 1 & < =3,9.1,Single,32.07,Direct,Promoted,Yes,Stay
526,Arnab,9876544345,Bangalore,B1,Operation,Female,1.11,> 1 & < =3,4.02,Marr.,26.08,Employee Referral,Promoted,No,Stay
527,Arnab,9876544345,Gurgaon,B2,Operation,Female,1.1,> 1 & < =3,7.03,Marr.,31,Direct,Promoted,No,Stay
528,Arnab,9876544345,Lucknow,B2,Operation,Male,1.1,> 1 & < =3,11.03,Marr.,44.04,Direct,Non Promoted,Yes,Stay
529,Arnab,9876544345,Bangalore,B1,Operation,Male,2,> 1 & < =3,2,Single,24.04,Direct,Promoted,No,Left
530,Arnab,9876544345,Hyderabad,B1,Operation,Male,2.01,> 1 & < =3,2,Single,26.03,Direct,Promoted,No,Left
531,Arnab,9876544345,Bangalore,B1,Operation,Female,2,> 1 & < =3,2,Single,30.06,Direct,Promoted,No,Stay
532,Arnab,9876544345,Hyderabad,B2,Operation,Female,1.11,> 1 & < =3,9.08,Marr.,31.05,Agency,Non Promoted,Yes,Stay
533,Arnab,9876544345,Chennai,B1,Operation,Male,1.11,> 1 & < =3,5.07,Single,29.1,Direct,Promoted,Yes,Stay
534,Arnab,9876544345,Hyderabad,B1,Operation,Male,1.11,> 1 & < =3,4.02,Single,28.03,Direct,Non Promoted,Yes,Stay
535,Arnab,9876544345,Chennai,B1,Operation,Male,1.11,> 1 & < =3,5.06,Single,27.07,Direct,Promoted,No,Left
536,Arnab,9876544345,Noida,C3,Operation,Female,2.1,> 1 & < =3,9.04,Marr.,31.03,Direct,Non Promoted,Yes,Stay
537,Arnab,9876544345,Noida,B2,Operation,Male,1.11,> 1 & < =3,8.03,Marr.,31.05,Employee Referral,Promoted,Yes,Stay
538,Arnab,9876544345,Bangalore,B2,Operation,Male,1.1,> 1 & < =3,9,Marr.,30.11,Agency,Promoted,Yes,Stay
539,Arnab,9876544345,Bangalore,B1,Operation,Male,1.11,> 1 & < =3,5.02,Single,26.06,Direct,Promoted,No,Left
540,Arnab,9876544345,Pune,B1,Operation,Male,1.1,> 1 & < =3,3.07,Single,30.06,Direct,Promoted,No,Left
541,Arnab,9876544345,Noida,B1,Operation,Female,2,> 1 & < =3,2,Single,27.03,Direct,Promoted,Yes,Stay
542,Arnab,9876544345,Chennai,B1,Operation,Female,2,> 1 & < =3,2,Marr.,24.05,Direct,Promoted,Yes,Stay
543,Arnab,9876544345,Bangalore,B1,Operation,Male,2.01,> 1 & < =3,2.01,Single,24.09,Direct,Promoted,Yes,Stay
544,Arnab,9876544345,Noida,B1,Operation,Male,1.11,> 1 & < =3,1.11,Single,25.11,Direct,Non Promoted,Yes,Stay
545,Arnab,9876544345,Pune,B1,Operation,Male,1.1,> 1 & < =3,4.02,Single,28.06,Employee Referral,Non Promoted,No,Left
546,Arnab,9876544345,Chennai,B1,Operation,Male,1.11,> 1 & < =3,5.08,Single,28.02,Direct,Promoted,No,Left
547,Arnab,9876544345,Pune,B1,Operation,Male,1.11,> 1 & < =3,3.05,Single,25.05,Employee Referral,Non Promoted,Yes,Stay
548,Arnab,9876544345,Hyderabad,B2,Operation,Male,1.11,> 1 & < =3,12.02,Marr.,36.1,Direct,Non Promoted,Yes,Stay
549,Arnab,9876544345,Noida,B1,Operation,Female,2,> 1 & < =3,3.04,Single,27.02,Direct,Promoted,Yes,Stay
550,Arnab,9876544345,Bangalore,B2,Operation,Male,2,> 1 & < =3,8,Single,30.1,Direct,Non Promoted,Yes,Stay
551,Arnab,9876544345,Noida,B1,Operation,Male,2,> 1 & < =3,2,Single,25.1,Direct,Promoted,No,Left
552,Arnab,9876544345,Noida,B1,Operation,Male,2.01,> 1 & < =3,2.01,Single,28.01,Direct,Non Promoted,Yes,Stay
553,Arnab,9876544345,Bangalore,B1,Operation,Male,2.02,> 1 & < =3,2.02,Single,24.11,Direct,Non Promoted,Yes,Stay
554,Arnab,9876544345,Hyderabad,B1,Operation,Male,2.02,> 1 & < =3,2.02,Single,24.07,Direct,Promoted,No,Left
555,Arnab,9876544345,Hyderabad,B1,Operation,Male,2.01,> 1 & < =3,2.01,Single,25.07,Direct,Non Promoted,Yes,Stay
556,Arnab,9876544345,Noida,B1,Operation,Male,2,> 1 & < =3,6.08,Marr.,31,Direct,Promoted,No,Stay
557,Arnab,9876544345,Noida,B2,Operation,Male,2,> 1 & < =3,8.03,Marr.,32.11,Direct,Non Promoted,Yes,Stay
558,Arnab,9876544345,Bangalore,B2,Operation,Male,2,> 1 & < =3,9,Single,30.06,Direct,Promoted,No,Stay
559,Papu,9876544345,Bangalore,B1,Operation,Male,2.02,> 1 & < =3,2.02,Single,25.03,Direct,Non Promoted,Yes,Stay
560,Papu,9876544345,Noida,B1,Operation,Male,2.02,> 1 & < =3,2.02,Marr.,28.07,Direct,Promoted,No,Stay
561,Papu,9876544345,Chennai,B1,Operation,Male,2.01,> 1 & < =3,2.01,Single,26.02,Direct,Non Promoted,No,Left
562,Papu,9876544345,Chennai,B1,Operation,Female,2.02,> 1 & < =3,2.02,Marr.,26.06,Direct,Promoted,No,Stay
563,Papu,9876544345,Chennai,B1,Operation,Male,2.02,> 1 & < =3,2.02,Single,27.09,Direct,Non Promoted,Yes,Stay
564,Papu,9876544345,Chennai,B2,Operation,Female,2,> 1 & < =3,9.05,Single,35.02,Employee Referral,Non Promoted,No,Stay
565,Papu,9876544345,Chennai,B1,Operation,Male,2,> 1 & < =3,3.04,Single,25.11,Direct,Promoted,No,Left
566,Papu,9876544345,Chennai,B1,Operation,Male,2,> 1 & < =3,2,Single,27.05,Direct,Promoted,Yes,Stay
567,Papu,9876544345,Chennai,B1,Operation,Male,2,> 1 & < =3,2,Single,23.07,Direct,Promoted,Yes,Stay
568,Papu,9876544345,Chennai,B3,Operation,Male,2,> 1 & < =3,7,Marr.,32.1,Direct,Promoted,Yes,Stay
569,Papu,9876544345,Madurai,B1,Operation,Male,2,> 1 & < =3,5.02,Single,26.07,Direct,Promoted,No,Left
570,Papu,9876544345,Madurai,B2,Operation,Male,2,> 1 & < =3,10,Marr.,31.12,Direct,Promoted,Yes,Stay
571,Papu,9876544345,Bangalore,B1,Operation,Male,2,> 1 & < =3,6,Single,29.05,Direct,Non Promoted,Yes,Stay
572,Papu,9876544345,Noida,B2,Operation,Female,2.01,> 1 & < =3,6.01,Single,29.1,Employee Referral,Promoted,Yes,Stay
573,Papu,9876544345,Noida,B1,Operation,Male,2,> 1 & < =3,3,Single,28.06,Direct,Non Promoted,Yes,Stay
574,Papu,9876544345,Bangalore,B2,Operation,Male,2.01,> 1 & < =3,7.03,Single,31.07,Agency,Promoted,Yes,Stay
575,Papu,9876544345,Bangalore,B1,Operation,Male,2.01,> 1 & < =3,2.08,Single,25.07,Direct,Promoted,No,Left
576,Papu,9876544345,Hyderabad,B2,Support,Male,2,> 1 & < =3,4.07,Single,29.1,Direct,Promoted,No,Left
577,Papu,9876544345,Pune,B2,Operation,Male,2.01,> 1 & < =3,9.09,Single,32.1,Direct,Promoted,No,Stay
578,Papu,9876544345,Bangalore,B2,Operation,Male,2.01,> 1 & < =3,24.01,Marr.,52.06,Direct,Non Promoted,Yes,Stay
579,Papu,9876544345,Chennai,B1,Operation,Female,2.01,> 1 & < =3,7.01,Marr.,37.05,Direct,Non Promoted,Yes,Stay
580,Papu,9876544345,Noida,B2,Sales,Female,2.01,> 1 & < =3,6.01,Marr.,28.07,Direct,Promoted,No,Stay
581,Papu,9876544345,Chennai,B2,Operation,Male,2.01,> 1 & < =3,9.07,Single,32.07,Direct,Promoted,No,Stay
582,Papu,9876544345,Bangalore,B1,Operation,Male,2.04,> 1 & < =3,2.04,Single,27.06,Direct,Non Promoted,Yes,Stay
583,Papu,9876544345,Chennai,B1,Operation,Female,2.02,> 1 & < =3,2.02,Single,24.09,Direct,Promoted,Yes,Stay
584,Papu,9876544345,Hyderabad,B1,Operation,Male,2.02,> 1 & < =3,2.02,Single,24.06,Direct,Promoted,Yes,Stay
585,Papu,9876544345,Pune,B1,Operation,Male,2.04,> 1 & < =3,2.04,Single,25.09,Direct,Promoted,Yes,Stay
586,Papu,9876544345,Noida,B1,Operation,Male,2.03,> 1 & < =3,2.03,Marr.,25.02,Direct,Promoted,Yes,Stay
587,Papu,9876544345,Noida,B1,Operation,Female,2.02,> 1 & < =3,2.02,Single,26.04,Direct,Non Promoted,Yes,Stay
588,Papu,9876544345,Pune,B1,Operation,Male,2.04,> 1 & < =3,2.04,Single,27.02,Direct,Non Promoted,Yes,Stay
589,Papu,9876544345,Noida,B1,Operation,Female,2.01,> 1 & < =3,3.05,Single,26.1,Agency,Non Promoted,No,Left
590,Papu,9876544345,Lucknow,B2,Operation,Male,2.01,> 1 & < =3,8.1,Marr.,39.04,Direct,Promoted,Yes,Stay
591,Papu,9876544345,Noida,B1,Operation,Male,2.02,> 1 & < =3,2.02,Single,24.12,Direct,Non Promoted,Yes,Stay
592,Papu,9876544345,Chennai,B3,Operation,Male,2.01,> 1 & < =3,10.01,Marr.,33.08,Direct,Promoted,Yes,Stay
593,Papu,9876544345,Chennai,B1,Operation,Male,2.01,> 1 & < =3,2.08,Single,24.05,Direct,Non Promoted,Yes,Stay
594,Papu,9876544345,Lucknow,B1,Operation,Male,2.01,> 1 & < =3,6.03,Single,28.01,Employee Referral,Promoted,Yes,Stay
595,Papu,9876544345,Bangalore,B1,Operation,Male,2.01,> 1 & < =3,2.01,Single,27.05,Direct,Promoted,No,Left
596,Papu,9876544345,Noida,B1,Operation,Female,2.02,> 1 & < =3,2.02,Single,25.04,Direct,Promoted,No,Stay
597,Papu,9876544345,Chennai,B1,Operation,Male,2.01,> 1 & < =3,6.07,Single,30.11,Direct,Promoted,No,Stay
598,Papu,9876544345,Bangalore,B1,Operation,Male,2.01,> 1 & < =3,5.01,Single,29.09,Direct,Promoted,Yes,Stay
599,Papu,9876544345,Chennai,B1,Operation,Male,2.02,> 1 & < =3,2.02,Single,27.01,Direct,Promoted,Yes,Stay
600,Papu,9876544345,Noida,B1,Operation,Female,2.02,> 1 & < =3,2.02,Marr.,26.11,Direct,Promoted,Yes,Stay
601,Papu,9876544345,Chennai,B1,Operation,Male,2.03,> 1 & < =3,2.03,Marr.,29.07,Direct,Promoted,Yes,Stay
602,Papu,9876544345,Chennai,B1,Operation,Female,2.02,> 1 & < =3,2.02,Single,26.04,Direct,Promoted,No,Left
603,Papu,9876544345,Bangalore,B2,Operation,Female,2.01,> 1 & < =3,10.01,Marr.,34.05,Direct,Promoted,No,Stay
604,Papu,9876544345,Noida,B2,Operation,Male,2.01,> 1 & < =3,9.01,Marr.,37.02,Employee Referral,Promoted,Yes,Stay
605,Papu,9876544345,Chennai,B1,Operation,Male,2.02,> 1 & < =3,5.1,Single,31.02,Employee Referral,Promoted,No,Left
606,Papu,9876544345,Noida,B2,Support,Female,2.02,> 1 & < =3,2.02,Single,27,Direct,Promoted,No,Stay
607,Papu,9876544345,Noida,B2,Operation,Male,2.01,> 1 & < =3,8.01,Marr.,28.06,Employee Referral,Non Promoted,Yes,Stay
608,Papu,9876544345,Chennai,B1,Operation,Male,2.03,> 1 & < =3,2.03,Single,24.06,Direct,Promoted,No,Left
609,Papu,9876544345,Chennai,B1,Operation,Male,2.03,> 1 & < =3,2.03,Marr.,26.03,Direct,Non Promoted,No,Left
610,Papu,9876544345,Chennai,B1,Operation,Male,2.03,> 1 & < =3,2.03,Single,24.04,Direct,Promoted,Yes,Stay
611,Papu,9876544345,Chennai,B1,Operation,Male,2.03,> 1 & < =3,2.03,Single,24.12,Direct,Promoted,Yes,Stay
612,Papu,9876544345,Bangalore,B1,Operation,Female,2.03,> 1 & < =3,2.03,Single,25.03,Direct,Promoted,No,Left
613,Papu,9876544345,Bangalore,B1,Operation,Male,2.03,> 1 & < =3,2.03,Marr.,29.09,Direct,Non Promoted,Yes,Stay
614,Papu,9876544345,Pune,B1,Operation,Female,2.02,> 1 & < =3,2.02,Single,23.11,Direct,Promoted,Yes,Stay
615,Papu,9876544345,Chennai,B2,Operation,Male,2.02,> 1 & < =3,7.04,Single,30.01,Employee Referral,Promoted,No,Stay
616,Papu,9876544345,Chennai,B1,Operation,Male,2.02,> 1 & < =3,6.07,Marr.,30.12,Employee Referral,Non Promoted,Yes,Stay
617,Papu,9876544345,Noida,B1,Operation,Male,2.02,> 1 & < =3,2.02,Single,27.1,Direct,Promoted,No,Left
618,Papu,9876544345,Noida,B0,Operation,Female,2.02,> 1 & < =3,2.02,Marr.,25.1,Direct,Promoted,No,Left
619,Papu,9876544345,Chennai,B1,Operation,Female,2.02,> 1 & < =3,2.02,Single,24.01,Direct,Non Promoted,Yes,Stay
620,Papu,9876544345,Chennai,B0,Operation,Female,2.02,> 1 & < =3,2.02,Marr.,27.09,Direct,Non Promoted,Yes,Stay
621,Papu,9876544345,Chennai,B1,Operation,Male,2.02,> 1 & < =3,4.1,Marr.,27.07,Direct,Promoted,No,Left
622,Papu,9876544345,Noida,B2,Support,Male,2.02,> 1 & < =3,12.02,Marr.,36,Direct,Promoted,No,Stay
623,Papu,9876544345,Pune,B1,Operation,Male,2.02,> 1 & < =3,4.11,Single,28.09,Direct,Promoted,No,Left
624,Papu,9876544345,Noida,B1,Operation,Male,2.02,> 1 & < =3,4.03,Marr.,26.07,Employee Referral,Non Promoted,Yes,Stay
625,Papu,9876544345,Chennai,B1,Operation,Female,2.02,> 1 & < =3,4.09,Single,27.06,Direct,Promoted,Yes,Stay
626,Papu,9876544345,Noida,B1,Operation,Male,2.02,> 1 & < =3,3.06,Single,25.02,Direct,Non Promoted,No,Left
627,Papu,9876544345,Bangalore,B3,Operation,Male,2.02,> 1 & < =3,8.02,Marr.,37.05,Direct,Non Promoted,Yes,Stay
628,Papu,9876544345,Chennai,B1,Operation,Male,2.03,> 1 & < =3,2.03,Single,25.1,Direct,Non Promoted,Yes,Stay
629,Papu,9876544345,Bangalore,B1,Operation,Male,2.03,> 1 & < =3,2.04,Single,26.04,Direct,Non Promoted,No,Left
630,Papu,9876544345,Hyderabad,B1,Operation,Male,2.04,> 1 & < =3,2.04,Single,27.1,Direct,Non Promoted,No,Left
631,Papu,9876544345,Noida,B1,Operation,Female,2.04,> 1 & < =3,2.04,Marr.,27.01,Direct,Promoted,No,Left
632,Papu,9876544345,Noida,B1,Operation,Male,2.05,> 1 & < =3,2.05,Single,28.01,Direct,Non Promoted,Yes,Stay
633,Papu,9876544345,Chennai,B1,Operation,Male,2.03,> 1 & < =3,2.03,Single,24.09,Direct,Promoted,No,Left
634,Papu,9876544345,Chennai,B1,Operation,Male,2.03,> 1 & < =3,2.03,Single,26,Direct,Promoted,Yes,Stay
635,Papu,9876544345,Pune,B3,Operation,Male,2.02,> 1 & < =3,11.02,Marr.,40.08,Direct,Non Promoted,Yes,Stay
636,Papu,9876544345,Noida,B1,Support,Male,2.03,> 1 & < =3,6.05,Marr.,30.03,Direct,Non Promoted,Yes,Stay
637,Papu,9876544345,Noida,B1,Operation,Female,2.02,> 1 & < =3,6.05,Marr.,30.03,Direct,Non Promoted,No,Left
638,Papu,9876544345,Lucknow,B2,Operation,Male,2.03,> 1 & < =3,6.11,Marr.,29.06,Employee Referral,Non Promoted,Yes,Stay
639,Papu,9876544345,Bangalore,B1,Operation,Female,2.02,> 1 & < =3,4.02,Single,25.06,Direct,Non Promoted,Yes,Stay
640,Papu,9876544345,Chennai,B2,Operation,Male,2.02,> 1 & < =3,6.04,Marr.,29.04,Direct,Non Promoted,No,Left
641,Papu,9876544345,Noida,B3,Operation,Male,2.03,> 1 & < =3,11.03,Sep.,39.01,Employee Referral,Non Promoted,Yes,Stay
642,Papu,9876544345,Noida,B2,Operation,Male,2.02,> 1 & < =3,5.1,Single,34.07,Direct,Non Promoted,Yes,Left
643,Papu,9876544345,Chennai,B1,Operation,Male,2.03,> 1 & < =3,6.05,Marr.,27.06,Direct,Non Promoted,No,Stay
644,Papu,9876544345,Chennai,B1,Operation,Male,2.02,> 1 & < =3,5.09,Marr.,30.09,Direct,Promoted,Yes,Stay
645,Papu,9876544345,Chennai,B2,Operation,Female,2.03,> 1 & < =3,7.03,Marr.,29.07,Direct,Non Promoted,Yes,Stay
646,Papu,9876544345,Chennai,B1,Operation,Female,2.03,> 1 & < =3,4.07,Single,27.04,Direct,Non Promoted,Yes,Stay
647,Papu,9876544345,Chennai,B1,Operation,Male,2.03,> 1 & < =3,2.03,Single,24.07,Direct,Non Promoted,No,Left
648,Papu,9876544345,Bangalore,B1,Operation,Male,2.03,> 1 & < =3,5.03,Single,28.1,Employee Referral,Promoted,No,Left
649,Papu,9876544345,Chennai,B2,Operation,Male,2.03,> 1 & < =3,7.05,Marr.,31.03,Direct,Promoted,Yes,Stay
650,Papu,9876544345,Bangalore,B1,Operation,Female,2.03,> 1 & < =3,5.1,Marr.,29.07,Employee Referral,Non Promoted,Yes,Stay
651,Papu,9876544345,Bangalore,B2,Operation,Male,2.03,> 1 & < =3,8,Single,31.1,Direct,Promoted,Yes,Stay
652,Papu,9876544345,Madurai,B1,Operation,Female,2.04,> 1 & < =3,3.11,Single,28.1,Direct,Non Promoted,Yes,Stay
653,Papu,9876544345,Hyderabad,B2,Operation,Female,2.03,> 1 & < =3,9,Marr.,35.02,Direct,Non Promoted,Yes,Stay
654,Papu,9876544345,Chennai,B1,Operation,Male,2.04,> 1 & < =3,2.04,Single,24.1,Direct,Non Promoted,Yes,Stay
655,Papu,9876544345,Chennai,B1,Operation,Female,2.04,> 1 & < =3,2.04,Single,24.06,Direct,Non Promoted,Yes,Stay
656,Papu,9876544345,Hyderabad,B1,Operation,Male,2.06,> 1 & < =3,2.06,Single,27.06,Direct,Promoted,Yes,Stay
657,Papu,9876544345,Chennai,B1,Operation,Male,2.05,> 1 & < =3,2.05,Single,24.03,Direct,Non Promoted,No,Left
658,Papu,9876544345,Chennai,B1,Operation,Male,2.06,> 1 & < =3,2.06,Single,25.08,Direct,Promoted,Yes,Stay
659,Papu,9876544345,Chennai,B1,Operation,Male,2.05,> 1 & < =3,2.05,Single,25.05,Direct,Promoted,Yes,Stay
660,Papu,9876544345,Chennai,B3,Operation,Male,2.03,> 1 & < =3,11.03,Single,31.07,Direct,Non Promoted,No,Left
661,Papu,9876544345,Madurai,B1,Operation,Male,2.04,> 1 & < =3,5.08,Single,29.1,Direct,Promoted,No,Left
662,Papu,9876544345,Mumbai,B1,Operation,Male,2.03,> 1 & < =3,6.11,Marr.,31.02,Employee Referral,Non Promoted,Yes,Stay
663,Papu,9876544345,Chennai,B1,Operation,Female,2.04,> 1 & < =3,4.05,Single,25.08,Direct,Non Promoted,No,Left
664,Papu,9876544345,Mumbai,B1,Operation,Male,2.04,> 1 & < =3,4.09,Single,28.04,Direct,Non Promoted,Yes,Stay
665,Papu,9876544345,Chennai,B1,Operation,Male,2.04,> 1 & < =3,6.04,Single,31.08,Direct,Non Promoted,Yes,Stay
666,Papu,9876544345,Chennai,B2,Operation,Female,2.04,> 1 & < =3,8.04,Marr.,34.11,Direct,Non Promoted,Yes,Stay
667,Papu,9876544345,Noida,B1,Operation,Male,2.04,> 1 & < =3,2.11,Single,26.08,Direct,Non Promoted,No,Left
668,Papu,9876544345,Hyderabad,B2,Operation,Male,2.04,> 1 & < =3,8.11,Marr.,30.07,Direct,Promoted,No,Stay
669,Papu,9876544345,Pune,B1,Operation,Male,2.04,> 1 & < =3,5.06,Single,25.05,Employee Referral,Non Promoted,Yes,Stay
670,Papu,9876544345,Noida,B2,Support,Male,2.04,> 1 & < =3,2.04,Single,27.01,Direct,Non Promoted,Yes,Stay
671,Papu,9876544345,Noida,B2,Operation,Male,2.04,> 1 & < =3,4.05,Single,26.07,Direct,Promoted,No,Left
672,Papu,9876544345,Chennai,B2,Operation,Female,2.05,> 1 & < =3,7.05,Marr.,33.03,Direct,Promoted,Yes,Stay
673,Papu,9876544345,Noida,B1,Operation,Female,2.04,> 1 & < =3,2.04,Single,24.01,Direct,Promoted,Yes,Stay
674,Papu,9876544345,Chennai,B1,Operation,Female,2.04,> 1 & < =3,2.04,Single,24.02,Direct,Promoted,Yes,Stay
675,Papu,9876544345,Chennai,B1,Operation,Female,2.04,> 1 & < =3,2.04,Single,24.02,Direct,Promoted,No,Left
676,Papu,9876544345,Noida,B1,Operation,Male,2.05,> 1 & < =3,2.05,Single,26.06,Direct,Promoted,No,Left
677,Papu,9876544345,Bangalore,B1,Operation,Male,2.05,> 1 & < =3,4.1,Single,29.07,Direct,Promoted,No,Left
678,Papu,9876544345,Bangalore,B2,Operation,Male,2.05,> 1 & < =3,8.08,Marr.,34.06,Direct,Promoted,No,Stay
679,Papu,9876544345,Noida,B1,Operation,Male,2.07,> 1 & < =3,2.07,Single,27.07,Direct,Non Promoted,Yes,Stay
680,Papu,9876544345,Chennai,B1,Operation,Male,2.07,> 1 & < =3,2.07,Single,24.06,Direct,Promoted,No,Left
681,Papu,9876544345,Noida,B1,Operation,Male,2.06,> 1 & < =3,2.06,Single,25.03,Direct,Non Promoted,Yes,Stay
682,Papu,9876544345,Noida,B1,Operation,Male,2.06,> 1 & < =3,2.06,Single,25.06,Direct,Non Promoted,Yes,Stay
683,Papu,9876544345,Chennai,B1,Operation,Male,2.05,> 1 & < =3,6.07,Marr.,29.06,Direct,Non Promoted,Yes,Stay
684,Papu,9876544345,Noida,B1,Operation,Female,2.04,> 1 & < =3,2.04,Single,24.01,Direct,Promoted,Yes,Stay
685,Papu,9876544345,Bangalore,B3,Operation,Male,2.05,> 1 & < =3,8.08,Marr.,37.06,Employee Referral,Non Promoted,Yes,Stay
686,Papu,9876544345,Noida,B2,Operation,Male,2.05,> 1 & < =3,7.1,Marr.,29.1,Agency,Non Promoted,No,Left
687,Papu,9876544345,Bangalore,B2,Operation,Male,2.05,> 1 & < =3,5.05,Single,32.1,Agency,Promoted,No,Stay
688,Papu,9876544345,Bangalore,B1,Operation,Male,2.04,> 1 & < =3,2.05,Single,25.1,Direct,Non Promoted,Yes,Stay
689,Papu,9876544345,Bangalore,B1,Operation,Female,2.05,> 1 & < =3,4.09,Single,26.06,Direct,Non Promoted,No,Left
690,Papu,9876544345,Noida,B1,Operation,Female,2.05,> 1 & < =3,2.05,Single,25.01,Direct,Non Promoted,No,Left
691,Papu,9876544345,Madurai,B2,Operation,Male,2.05,> 1 & < =3,9.05,Marr.,31.07,Direct,Non Promoted,Yes,Stay
692,Papu,9876544345,Noida,B2,Operation,Female,2.05,> 1 & < =3,4.1,Marr.,30.06,Direct,Non Promoted,Yes,Stay
693,Papu,9876544345,Madurai,B1,Operation,Male,2.05,> 1 & < =3,6.01,Single,29.02,Direct,Non Promoted,Yes,Stay
694,Papu,9876544345,Chennai,B1,Operation,Male,2.05,> 1 & < =3,6.05,Single,29.09,Employee Referral,Non Promoted,No,Left
695,Papu,9876544345,Chennai,B1,Operation,Male,2.05,> 1 & < =3,5.06,Single,29,Direct,Non Promoted,Yes,Left
696,Papu,9876544345,Chennai,B2,Operation,Male,2.06,> 1 & < =3,5.06,Marr.,32.04,Employee Referral,Non Promoted,No,Left
697,Papu,9876544345,Bangalore,B1,Operation,Male,2.05,> 1 & < =3,2.05,Marr.,30.06,Direct,Non Promoted,Yes,Stay
698,Papu,9876544345,Chennai,B1,Operation,Male,2.07,> 1 & < =3,2.07,Single,25.03,Direct,Non Promoted,Yes,Stay
699,Papu,9876544345,Chennai,B1,Operation,Male,2.07,> 1 & < =3,2.07,Single,26.03,Direct,Non Promoted,Yes,Stay
700,Papu,9876544345,Noida,B1,Operation,Male,2.07,> 1 & < =3,2.07,Single,25.1,Direct,Non Promoted,Yes,Stay
701,Papu,9876544345,Noida,B1,Operation,Male,2.07,> 1 & < =3,2.07,Single,25.1,Direct,Promoted,Yes,Stay
702,Papu,9876544345,Noida,B1,Operation,Male,2.08,> 1 & < =3,2.08,Single,25.01,Direct,Promoted,No,Left
703,Papu,9876544345,Chennai,B1,Operation,Male,2.06,> 1 & < =3,2.07,Single,25.02,Direct,Promoted,No,Left
704,Papu,9876544345,Chennai,B1,Operation,Male,2.09,> 1 & < =3,2.09,Single,24.09,Direct,Promoted,Yes,Stay
705,Papu,9876544345,Chennai,B1,Operation,Male,2.07,> 1 & < =3,2.07,Single,24.08,Direct,Non Promoted,No,Left
706,Papu,9876544345,Chennai,B1,Operation,Male,2.06,> 1 & < =3,3,Single,27.06,Direct,Non Promoted,Yes,Stay
707,Papu,9876544345,Noida,B1,Operation,Male,2.06,> 1 & < =3,2.06,Single,25.03,Direct,Non Promoted,Yes,Stay
708,Papu,9876544345,Noida,B2,Operation,Male,2.05,> 1 & < =3,9.05,Marr.,36.11,Direct,Non Promoted,Yes,Stay
709,Papu,9876544345,Chennai,B1,Operation,Male,2.05,> 1 & < =3,4.1,Single,26.08,Agency,Non Promoted,Yes,Stay
710,Papu,9876544345,Noida,B5,Sales,Male,2.06,> 1 & < =3,23.06,Marr.,47,Direct,Promoted,Yes,Stay
711,Papu,9876544345,Bangalore,B3,Operation,Male,2.06,> 1 & < =3,12.02,Marr.,33.11,Direct,Non Promoted,Yes,Left
712,Papu,9876544345,Chennai,B1,Operation,Male,2.06,> 1 & < =3,2.06,Single,26.04,Direct,Non Promoted,No,Left
713,Papu,9876544345,Noida,B3,Sales,Male,2.06,> 1 & < =3,4.06,Single,32,Direct,Non Promoted,No,Left
714,Papu,9876544345,Chennai,B1,Operation,Male,2.06,> 1 & < =3,3.02,Single,27.09,Direct,Non Promoted,No,Left
715,Papu,9876544345,Chennai,B2,Operation,Male,2.06,> 1 & < =3,7.01,Marr.,31.04,Direct,Non Promoted,Yes,Stay
716,Papu,9876544345,Bangalore,B2,Operation,Female,2.05,> 1 & < =3,6.05,Marr.,32.08,Direct,Non Promoted,Yes,Stay
717,Papu,9876544345,Chennai,B2,Operation,Male,2.06,> 1 & < =3,8.11,Marr.,31.07,Agency,Non Promoted,No,Left
718,Papu,9876544345,Chennai,B1,Operation,Male,2.06,> 1 & < =3,4.02,Single,25.1,Direct,Non Promoted,Yes,Stay
719,Papu,9876544345,Bangalore,B1,Operation,Male,2.05,> 1 & < =3,4.1,Single,26.07,Direct,Non Promoted,No,Left
720,Papu,9876544345,Noida,B3,Operation,Male,2.06,> 1 & < =3,12.06,Single,33.05,Employee Referral,Non Promoted,Yes,Stay
721,Papu,9876544345,Lucknow,B2,Operation,Male,2.06,> 1 & < =3,7,Single,35.08,Direct,Non Promoted,Yes,Stay
722,Papu,9876544345,Noida,B1,Operation,Male,2.06,> 1 & < =3,7.11,Marr.,29.03,Employee Referral,Promoted,Yes,Stay
723,Papu,9876544345,Chennai,B1,Support,Female,2.06,> 1 & < =3,6.08,Marr.,27.07,Direct,Promoted,No,Stay
724,Papu,9876544345,Bangalore,B1,Operation,Female,2.08,> 1 & < =3,2.08,Single,26.04,Direct,Promoted,No,Left
725,Papu,9876544345,Noida,B1,Operation,Male,2.07,> 1 & < =3,2.07,Single,26.08,Direct,Promoted,No,Left
726,Papu,9876544345,Noida,B1,Operation,Male,2.07,> 1 & < =3,2.07,Single,27.03,Direct,Promoted,No,Left
727,Papu,9876544345,Bangalore,B1,Operation,Male,2.07,> 1 & < =3,2.09,Single,26.1,Direct,Promoted,No,Left
728,Papu,9876544345,Bangalore,B1,Operation,Male,2.07,> 1 & < =3,2.07,Single,25.09,Direct,Promoted,Yes,Stay
729,Papu,9876544345,Bangalore,B2,Operation,Male,2.06,> 1 & < =3,9.01,Marr.,33.04,Agency,Promoted,No,Stay
730,Papu,9876544345,Chennai,B1,Operation,Male,2.07,> 1 & < =3,2.09,Marr.,26.09,Direct,Promoted,No,Left
731,Papu,9876544345,Bangalore,B1,Operation,Male,2.07,> 1 & < =3,2.08,Single,24.1,Direct,Promoted,Yes,Stay
732,Papu,9876544345,Chennai,B1,Operation,Male,2.08,> 1 & < =3,2.08,Marr.,30.08,Direct,Promoted,Yes,Stay
733,Papu,9876544345,Bangalore,B1,Operation,Female,2.07,> 1 & < =3,3.02,Single,25.05,Direct,Promoted,No,Left
734,Papu,9876544345,Hyderabad,B2,Operation,Male,2.07,> 1 & < =3,11.07,Marr.,39.07,Employee Referral,Non Promoted,Yes,Stay
735,Papu,9876544345,Bangalore,B2,Operation,Male,2.06,> 1 & < =3,8.08,Marr.,31.07,Agency,Non Promoted,No,Left
736,Papu,9876544345,Bangalore,B2,Operation,Female,2.06,> 1 & < =3,3.06,Single,27.01,Direct,Promoted,No,Left
737,Papu,9876544345,Madurai,B2,Operation,Male,2.06,> 1 & < =3,7.06,Marr.,34.12,Direct,Non Promoted,Yes,Stay
738,Papu,9876544345,Chennai,B2,Operation,Male,2.07,> 1 & < =3,8.08,Marr.,33.09,Direct,Promoted,No,Left
739,Papu,9876544345,Pune,B2,Operation,Male,2.07,> 1 & < =3,11.07,Marr.,35.04,Agency,Promoted,No,Left
740,Papu,9876544345,Noida,B1,Support,Female,2.07,> 1 & < =3,5.09,Single,28.03,Direct,Promoted,Yes,Stay
741,Papu,9876544345,Noida,B2,Sales,Male,2.07,> 1 & < =3,9.07,Marr.,35.06,Direct,Promoted,Yes,Stay
742,Papu,9876544345,Madurai,B1,Operation,Female,2.07,> 1 & < =3,2.07,Marr.,28.06,Direct,Promoted,Yes,Stay
743,Papu,9876544345,Chennai,B1,Operation,Male,2.07,> 1 & < =3,5.09,Single,29.06,Direct,Promoted,Yes,Stay
744,Papu,9876544345,Chennai,B1,Operation,Male,2.08,> 1 & < =3,5.04,Single,30.06,Agency,Promoted,Yes,Stay
745,Papu,9876544345,Bangalore,B2,Operation,Male,2.07,> 1 & < =3,13.11,Marr.,38.12,Employee Referral,Promoted,Yes,Stay
746,Papu,9876544345,Bangalore,B1,Operation,Male,2.08,> 1 & < =3,8.08,Single,32.02,Employee Referral,Promoted,No,Stay
747,Papu,9876544345,Bangalore,B2,Operation,Male,2.07,> 1 & < =3,6.11,Marr.,29.07,Direct,Non Promoted,Yes,Stay
748,Papu,9876544345,Bangalore,B2,Operation,Male,2.07,> 1 & < =3,11.01,Marr.,36.07,Direct,Non Promoted,No,Left
749,Papu,9876544345,Chennai,B1,Operation,Female,2.07,> 1 & < =3,6.1,Single,30.05,Direct,Promoted,No,Left
750,Papu,9876544345,Chennai,B2,Operation,Female,2.07,> 1 & < =3,12.08,Marr.,35,Employee Referral,Promoted,No,Left
751,Papu,9876544345,Chennai,B1,Operation,Male,2.07,> 1 & < =3,7.11,Marr.,31.07,Agency,Promoted,No,Left
752,Papu,9876544345,Noida,B1,Operation,Female,2.08,> 1 & < =3,2.08,Single,25.11,Direct,Non Promoted,Yes,Stay
753,Papu,9876544345,Bangalore,B1,Operation,Male,2.08,> 1 & < =3,2.08,Single,26.06,Direct,Promoted,Yes,Stay
754,Papu,9876544345,Chennai,B1,Operation,Male,2.08,> 1 & < =3,2.08,Single,24.1,Direct,Non Promoted,Yes,Stay
755,Papu,9876544345,Chennai,B1,Operation,Male,2.09,> 1 & < =3,2.09,Single,26.07,Direct,Non Promoted,Yes,Stay
756,Papu,9876544345,Chennai,B1,Operation,Male,2.08,> 1 & < =3,2.09,Single,24.09,Direct,Non Promoted,Yes,Stay
757,Papu,9876544345,Noida,B1,Operation,Male,2.08,> 1 & < =3,2.08,Single,25.07,Direct,Non Promoted,Yes,Stay
758,Papu,9876544345,Noida,B1,Operation,Male,2.09,> 1 & < =3,2.11,Single,26.1,Direct,Non Promoted,Yes,Stay
759,Papu,9876544345,Noida,B1,Operation,Male,2.08,> 1 & < =3,2.08,Single,28.09,Direct,Non Promoted,No,Left
760,Shiv,9876544345,Noida,B2,Sales,Female,2.08,> 1 & < =3,5.1,Single,28.04,Employee Referral,Non Promoted,No,Left
761,Shiv,9876544345,Chennai,B1,Operation,Male,2.08,> 1 & < =3,8.02,Marr.,35.04,Direct,Non Promoted,Yes,Stay
762,Shiv,9876544345,Noida,B1,Operation,Male,2.08,> 1 & < =3,6.04,Single,29.05,Direct,Non Promoted,Yes,Stay
763,Shiv,9876544345,Chennai,B1,Operation,Male,2.07,> 1 & < =3,5.03,Single,28.07,Agency,Non Promoted,Yes,Left
764,Shiv,9876544345,Noida,B1,Support,Male,2.08,> 1 & < =3,4.1,Single,27.09,Employee Referral,Non Promoted,Yes,Stay
765,Shiv,9876544345,Noida,B1,Support,Male,2.08,> 1 & < =3,2.08,Single,27.07,Direct,Non Promoted,Yes,Stay
766,Shiv,9876544345,Bangalore,B1,Operation,Male,2.08,> 1 & < =3,4.04,Marr.,31.07,Direct,Non Promoted,No,Left
767,Shiv,9876544345,Bangalore,B2,Operation,Male,2.08,> 1 & < =3,8,Marr.,31.09,Agency,Non Promoted,Yes,Stay
768,Shiv,9876544345,Chennai,B1,Operation,Male,2.08,> 1 & < =3,6.09,Marr.,28.1,Direct,Non Promoted,Yes,Stay
769,Shiv,9876544345,Bangalore,B2,Operation,Male,2.08,> 1 & < =3,4.08,Single,31.01,Employee Referral,Non Promoted,Yes,Stay
770,Shiv,9876544345,Pune,B1,Operation,Male,2.09,> 1 & < =3,5.09,Single,28.1,Direct,Non Promoted,No,Left
771,Shiv,9876544345,Bangalore,B1,Operation,Female,2.08,> 1 & < =3,2.08,Marr.,27.09,Direct,Non Promoted,No,Left
772,Shiv,9876544345,Noida,B1,Operation,Male,2.08,> 1 & < =3,6.08,Marr.,30.06,Agency,Promoted,No,Stay
773,Shiv,9876544345,Chennai,B1,Operation,Female,2.1,> 1 & < =3,2.1,Single,24.08,Direct,Non Promoted,No,Left
774,Shiv,9876544345,Chennai,B1,Operation,Male,2.09,> 1 & < =3,2.11,Single,24.06,Direct,Non Promoted,Yes,Stay
775,Shiv,9876544345,Bangalore,B1,Operation,Male,2.08,> 1 & < =3,2.1,Marr.,24.11,Direct,Non Promoted,No,Left
776,Shiv,9876544345,Chennai,B1,Operation,Male,2.09,> 1 & < =3,2.09,Single,25.1,Direct,Non Promoted,Yes,Stay
777,Shiv,9876544345,Noida,B1,Operation,Male,2.09,> 1 & < =3,2.09,Single,25.07,Direct,Promoted,No,Left
778,Shiv,9876544345,Noida,B3,Operation,Male,2.09,> 1 & < =3,12.09,Marr.,34.05,Agency,Non Promoted,Yes,Stay
779,Shiv,9876544345,Noida,B2,Operation,Male,2.08,> 1 & < =3,11.03,Marr.,36.01,Direct,Promoted,Yes,Stay
780,Shiv,9876544345,Noida,B1,Operation,Male,2.09,> 1 & < =3,6.03,Single,28.04,Direct,Non Promoted,Yes,Stay
781,Shiv,9876544345,Noida,B3,Operation,Male,2.08,> 1 & < =3,10.08,Marr.,38.08,Direct,Non Promoted,Yes,Left
782,Shiv,9876544345,Bangalore,B1,Operation,Male,2.1,> 1 & < =3,3,Single,25.05,Direct,Non Promoted,Yes,Stay
783,Shiv,9876544345,Bangalore,B2,Operation,Male,2.09,> 1 & < =3,8.09,Marr.,33.07,Direct,Non Promoted,No,Left
784,Shiv,9876544345,Noida,B1,Operation,Male,2.09,> 1 & < =3,3.11,Single,26.06,Employee Referral,Promoted,No,Left
785,Shiv,9876544345,Chennai,B1,Operation,Male,2.09,> 1 & < =3,7,Marr.,33.08,Agency,Non Promoted,No,Left
786,Shiv,9876544345,Noida,B1,Operation,Female,2.08,> 1 & < =3,3.01,Single,26.02,Direct,Promoted,Yes,Stay
787,Shiv,9876544345,Lucknow,B1,Support,Male,2.08,> 1 & < =3,5,Single,27.1,Direct,Promoted,No,Left
788,Shiv,9876544345,Pune,B1,Operation,Female,2.09,> 1 & < =3,5.09,Marr.,29.02,Direct,Non Promoted,Yes,Stay
789,Shiv,9876544345,Chennai,B2,Operation,Female,2.09,> 1 & < =3,4.01,Marr.,30.06,Employee Referral,Promoted,Yes,Stay
790,Shiv,9876544345,Chennai,B1,Operation,Male,2.09,> 1 & < =3,3.05,Single,27.07,Direct,Non Promoted,Yes,Stay
791,Shiv,9876544345,Chennai,B3,Operation,Male,2.09,> 1 & < =3,12.1,Marr.,40.07,Direct,Non Promoted,No,Left
792,Shiv,9876544345,Chennai,B2,Operation,Male,2.09,> 1 & < =3,6.02,Marr.,31.06,Agency,Non Promoted,Yes,Stay
793,Shiv,9876544345,Bangalore,B1,Operation,Male,2.09,> 1 & < =3,5.09,Marr.,31.1,Employee Referral,Non Promoted,Yes,Stay
794,Shiv,9876544345,Lucknow,B0,Support,Female,2.09,> 1 & < =3,2.1,Single,24.1,Direct,Non Promoted,Yes,Stay
795,Shiv,9876544345,Noida,B2,Operation,Male,2.09,> 1 & < =3,4.09,Single,31,Employee Referral,Non Promoted,Yes,Stay
796,Shiv,9876544345,Noida,B2,Operation,Male,2.08,> 1 & < =3,10.02,Single,36.01,Direct,Promoted,No,Stay
797,Shiv,9876544345,Noida,B1,Support,Male,2.09,> 1 & < =3,3.01,Single,29.06,Employee Referral,Promoted,No,Stay
798,Shiv,9876544345,Noida,B3,Operation,Male,2.09,> 1 & < =3,8.09,Single,34.03,Direct,Non Promoted,Yes,Stay
799,Shiv,9876544345,Chennai,B1,Operation,Male,2.1,> 1 & < =3,3,Single,27.05,Direct,Promoted,No,Left
800,Shiv,9876544345,Chennai,B1,Operation,Male,2.09,> 1 & < =3,3.05,Single,31.07,Direct,Promoted,No,Left
801,Shiv,9876544345,Pune,B1,Operation,Male,2.1,> 1 & < =3,3.1,Single,26.03,Direct,Promoted,Yes,Stay
802,Shiv,9876544345,Chennai,B1,Operation,Male,2.1,> 1 & < =3,3,Single,24.11,Direct,Promoted,Yes,Stay
803,Shiv,9876544345,Chennai,B1,Operation,Male,2.1,> 1 & < =3,2.11,Marr.,28.11,Direct,Promoted,Yes,Stay
804,Shiv,9876544345,Bangalore,B1,Operation,Male,2.1,> 1 & < =3,3,Single,26.09,Direct,Promoted,Yes,Stay
805,Shiv,9876544345,Hyderabad,B1,Operation,Male,2.1,> 1 & < =3,3.04,Marr.,28.04,Direct,Promoted,No,Left
806,Shiv,9876544345,Hyderabad,B2,Operation,Male,2.1,> 1 & < =3,7.1,Single,30.07,Direct,Promoted,No,Stay
807,Shiv,9876544345,Bangalore,B2,Operation,Male,2.1,> 1 & < =3,7.1,Single,29.1,Direct,Non Promoted,Yes,Stay
808,Shiv,9876544345,Chennai,B1,Operation,Female,2.09,> 1 & < =3,2.09,Marr.,24.08,Direct,Promoted,No,Left
809,Shiv,9876544345,Lucknow,B2,Support,Female,2.09,> 1 & < =3,8.02,Marr.,31.03,Direct,Non Promoted,No,Left
810,Shiv,9876544345,Noida,B3,Support,Male,2.09,> 1 & < =3,13.09,Marr.,37.08,Employee Referral,Non Promoted,Yes,Stay
811,Shiv,9876544345,Chennai,B2,Operation,Female,2.09,> 1 & < =3,3.09,Marr.,27.05,Direct,Non Promoted,Yes,Stay
812,Shiv,9876544345,Chennai,B1,Support,Male,2.09,> 1 & < =3,4,Single,25.11,Agency,Promoted,Yes,Stay
813,Shiv,9876544345,Lucknow,B1,Operation,Female,2.1,> 1 & < =3,2.1,Marr.,29.11,Direct,Non Promoted,Yes,Stay
814,Shiv,9876544345,Chennai,B2,Operation,Female,2.09,> 1 & < =3,9.1,Marr.,32.1,Direct,Non Promoted,Yes,Stay
815,Shiv,9876544345,Chennai,B2,Operation,Male,2.1,> 1 & < =3,8.1,Marr.,32.06,Direct,Promoted,Yes,Stay
816,Shiv,9876544345,Bangalore,B1,Operation,Male,2.1,> 1 & < =3,5.11,Single,28.07,Direct,Promoted,No,Left
817,Shiv,9876544345,Madurai,B1,Operation,Male,2.1,> 1 & < =3,2.1,Single,25.09,Direct,Non Promoted,Yes,Stay
818,Shiv,9876544345,Chennai,B1,Operation,Female,2.1,> 1 & < =3,4.02,Marr.,24.08,Agency,Non Promoted,Yes,Stay
819,Shiv,9876544345,Noida,B2,Operation,Male,2.09,> 1 & < =3,8.09,Single,36.06,Employee Referral,Non Promoted,No,Left
820,Shiv,9876544345,Chennai,B1,Operation,Female,2.1,> 1 & < =3,4.1,Single,26.06,Agency,Non Promoted,No,Left
821,Shiv,9876544345,Noida,B2,Operation,Male,2.1,> 1 & < =3,6.01,Marr.,29.08,Direct,Non Promoted,Yes,Left
822,Shiv,9876544345,Bangalore,B3,Operation,Male,2.1,> 1 & < =3,9.04,Marr.,36.08,Agency,Non Promoted,No,Left
823,Shiv,9876544345,Bangalore,B2,Operation,Male,2.1,> 1 & < =3,8.02,Marr.,33.11,Agency,Non Promoted,Yes,Stay
824,Shiv,9876544345,Hyderabad,B2,Operation,Female,2.1,> 1 & < =3,8,Marr.,30.09,Employee Referral,Non Promoted,Yes,Stay
825,Shiv,9876544345,Noida,B3,Operation,Male,2.1,> 1 & < =3,9.1,Single,33.02,Agency,Non Promoted,No,Left
826,Shiv,9876544345,Bangalore,B1,Operation,Male,2.1,> 1 & < =3,2.1,Single,24.1,Direct,Non Promoted,Yes,Stay
827,Shiv,9876544345,Chennai,B1,Operation,Male,2.1,> 1 & < =3,2.1,Single,25.07,Direct,Non Promoted,Yes,Stay
828,Shiv,9876544345,Chennai,B1,Operation,Male,2.1,> 1 & < =3,6.02,Single,27.07,Agency,Non Promoted,Yes,Stay
829,Shiv,9876544345,Pune,B2,Operation,Male,2.1,> 1 & < =3,10.06,Marr.,38.09,Agency,Promoted,No,Stay
830,Shiv,9876544345,Chennai,B3,Operation,Male,2.1,> 1 & < =3,10.07,Marr.,35.07,Agency,Promoted,No,Stay
831,Shiv,9876544345,Bangalore,B2,Operation,Male,2.1,> 1 & < =3,7.05,Marr.,39.01,Agency,Promoted,Yes,Stay
832,Shiv,9876544345,Chennai,B1,Operation,Female,2.1,> 1 & < =3,2.1,Single,25.05,Direct,Promoted,Yes,Stay
833,Shiv,9876544345,Bangalore,B1,Operation,Male,2.1,> 1 & < =3,4.1,Single,28.05,Direct,Promoted,No,Left
834,Shiv,9876544345,Chennai,B1,Operation,Male,2.11,> 1 & < =3,2.11,Single,26.1,Direct,Non Promoted,Yes,Stay
835,Shiv,9876544345,Chennai,B1,Operation,Male,2.11,> 1 & < =3,2.11,Single,27.08,Direct,Non Promoted,No,Left
836,Shiv,9876544345,Noida,B1,Operation,Male,2.11,> 1 & < =3,2.11,Single,26.07,Direct,Non Promoted,No,Left
837,Shiv,9876544345,Noida,B1,Operation,Female,3,> 1 & < =3,3,Single,26.01,Direct,Non Promoted,Yes,Stay
838,Shiv,9876544345,Bangalore,B1,Operation,Male,3,> 1 & < =3,3,Single,28.08,Direct,Promoted,Yes,Stay
839,Shiv,9876544345,Chennai,B1,Operation,Female,2.11,> 1 & < =3,2.11,Single,25.05,Direct,Non Promoted,Yes,Stay
840,Shiv,9876544345,Noida,B1,Operation,Female,2.11,> 1 & < =3,2.11,Single,26.04,Direct,Non Promoted,Yes,Stay
841,Shiv,9876544345,Hyderabad,B1,Operation,Male,2.1,> 1 & < =3,2.1,Single,28.09,Direct,Non Promoted,Yes,Stay
842,Shiv,9876544345,Noida,B2,Operation,Male,2.11,> 1 & < =3,8.11,Marr.,35.06,Direct,Non Promoted,Yes,Stay
843,Shiv,9876544345,Noida,B2,Operation,Male,2.1,> 1 & < =3,8.02,Marr.,30.02,Employee Referral,Non Promoted,Yes,Stay
844,Shiv,9876544345,Madurai,B1,Operation,Male,2.11,> 1 & < =3,2.11,Single,26.09,Direct,Non Promoted,No,Left
845,Shiv,9876544345,Chennai,B2,Operation,Male,2.11,> 1 & < =3,8.11,Marr.,31.04,Employee Referral,Non Promoted,Yes,Stay
846,Shiv,9876544345,Bangalore,B1,Operation,Female,2.11,> 1 & < =3,3.04,Marr.,25.01,Direct,Non Promoted,No,Left
847,Shiv,9876544345,Noida,B1,Operation,Male,2.11,> 1 & < =3,7.04,Marr.,30.05,Direct,Non Promoted,Yes,Stay
848,Shiv,9876544345,Bangalore,B1,Operation,Male,2.1,> 1 & < =3,2.1,Single,25.02,Direct,Non Promoted,Yes,Stay
849,Shiv,9876544345,Hyderabad,B1,Operation,Male,2.11,> 1 & < =3,3.07,Single,31.07,Direct,Non Promoted,Yes,Stay
850,Shiv,9876544345,Chennai,B1,Operation,Male,2.1,> 1 & < =3,9,Marr.,35.05,Direct,Promoted,Yes,Stay
851,Shiv,9876544345,Chennai,B1,Operation,Male,2.11,> 1 & < =3,5.11,Single,28.07,Agency,Promoted,No,Left
852,Shiv,9876544345,Noida,B2,Operation,Male,2.11,> 1 & < =3,6.03,Marr.,31,Direct,Non Promoted,Yes,Stay
853,Shiv,9876544345,Chennai,B1,Operation,Male,2.11,> 1 & < =3,5.11,Single,29.01,Direct,Non Promoted,Yes,Stay
854,Shiv,9876544345,Chennai,B2,Operation,Male,2.11,> 1 & < =3,8,Single,28.09,Agency,Non Promoted,Yes,Stay
855,Shiv,9876544345,Bangalore,B1,Operation,Male,2.11,> 1 & < =3,2.11,Single,25.02,Direct,Non Promoted,No,Left
856,Shiv,9876544345,Chennai,B1,Operation,Male,2.11,> 1 & < =3,5.07,Single,28.07,Direct,Promoted,No,Left
857,Shiv,9876544345,Bangalore,B1,Operation,Male,2.11,> 1 & < =3,6.05,Single,30.03,Direct,Promoted,No,Left
858,Shiv,9876544345,Noida,B2,Operation,Male,2.11,> 1 & < =3,11.03,Marr.,35.11,Direct,Promoted,No,Stay
859,Shiv,9876544345,Chennai,B1,Operation,Male,3,> 1 & < =3,6.02,Single,27.06,Employee Referral,Promoted,Yes,Stay
860,Shiv,9876544345,Chennai,B2,Operation,Male,2.11,> 1 & < =3,12.01,Single,30.07,Employee Referral,Promoted,Yes,Stay
861,Shiv,9876544345,Chennai,B1,Operation,Female,3,> 1 & < =3,5.04,Single,27.03,Direct,Promoted,Yes,Stay
862,Shiv,9876544345,Chennai,B2,Operation,Male,3,> 1 & < =3,8,Marr.,32.03,Agency,Promoted,No,Stay
863,Shiv,9876544345,Hyderabad,B1,Operation,Male,3,> 1 & < =3,7,Marr.,32.05,Agency,Promoted,No,Stay
864,Shiv,9876544345,Noida,B2,Operation,Male,3,> 1 & < =3,5.08,Single,30,Direct,Non Promoted,No,Left
865,Shiv,9876544345,Madurai,B2,Operation,Male,3,> 1 & < =3,8,Single,29.06,Direct,Promoted,Yes,Stay
866,Shiv,9876544345,Noida,B2,Operation,Male,3,> 1 & < =3,8.07,Marr.,34.07,Agency,Non Promoted,Yes,Stay
867,Shiv,9876544345,Bangalore,B2,Operation,Female,2.11,> 1 & < =3,7.07,Marr.,29.1,Agency,Non Promoted,No,Left
868,Shiv,9876544345,Bangalore,B1,Operation,Male,3,> 1 & < =3,7,Marr.,32.09,Agency,Non Promoted,No,Left
869,Shiv,9876544345,Bangalore,B1,Operation,Male,3,> 1 & < =3,3,Single,25.06,Direct,Promoted,Yes,Stay
870,Shiv,9876544345,Chennai,B1,Operation,Male,3,> 1 & < =3,6,Single,27.11,Direct,Promoted,Yes,Stay
871,Shiv,9876544345,Chennai,B1,Operation,Female,3,> 1 & < =3,7.06,Marr.,29.06,Direct,Promoted,Yes,Stay
872,Shiv,9876544345,Noida,B1,Operation,Male,3,> 1 & < =3,7.02,Marr.,28.06,Direct,Promoted,No,Stay
873,Shiv,9876544345,Bangalore,B1,Operation,Female,3,> 1 & < =3,7,Marr.,28.06,Direct,Promoted,No,Stay
874,Shiv,9876544345,Bangalore,B1,Operation,Male,3,> 1 & < =3,4.05,Marr.,26.08,Direct,Promoted,No,Left
875,Shiv,9876544345,Pune,B1,Operation,Male,3,> 1 & < =3,5.02,Marr.,29.06,Agency,Promoted,No,Stay
876,Shiv,9876544345,Noida,B2,Operation,Female,3,> 1 & < =3,6.04,Marr.,29.05,Agency,Promoted,No,Stay
877,Shiv,9876544345,Noida,B2,Operation,Male,3,> 1 & < =3,7,Single,31.11,Agency,Promoted,Yes,Stay
878,Shiv,9876544345,Bangalore,B1,Operation,Male,3,> 1 & < =3,5,Single,26.07,Direct,Promoted,Yes,Stay
879,Shiv,9876544345,Noida,B1,Operation,Male,3,> 1 & < =3,4.02,Single,27.04,Direct,Promoted,Yes,Stay
880,Shiv,9876544345,Chennai,B1,Operation,Male,0,< =1,3.07,Single,27.08,Direct,Non Promoted,No,Left
881,Shiv,9876544345,Bangalore,B1,Operation,Male,0.03,< =1,3.03,Single,28.03,Agency,Promoted,No,Left
882,Shiv,9876544345,Bangalore,B1,Operation,Female,0.04,< =1,2.04,Single,23.01,Direct,Promoted,No,Left
883,Shiv,9876544345,Chennai,B1,Operation,Female,0.04,< =1,3.07,Marr.,27.02,Agency,Promoted,No,Stay
884,Shiv,9876544345,Noida,B2,Support,Female,0.06,< =1,5.06,Marr.,29.03,Employee Referral,Non Promoted,Yes,Stay
885,Shiv,9876544345,Chennai,B1,Operation,Male,0.07,< =1,1.07,Single,22.07,Direct,Promoted,No,Left
886,Shiv,9876544345,Bangalore,B1,Operation,Male,0.1,< =1,5.04,Marr.,28.11,Agency,Promoted,No,Left
887,Rahul,9876544345,Bangalore,B1,Operation,Female,0.11,< =1,4,Single,22.08,Direct,Promoted,Yes,Stay
888,Rahul,9876544345,Noida,D2,Operation,Female,1.05,> 1 & < =3,6,Marr.,29.01,Direct,Promoted,Yes,Stay
889,Rahul,9876544345,Chennai,B1,Support,Male,1.07,> 1 & < =3,4.09,Single,27.11,Direct,Promoted,No,Left
890,Rahul,9876544345,Noida,B1,Operation,Male,1.08,> 1 & < =3,4.02,Single,27.01,Direct,Promoted,No,Left
891,Rahul,9876544345,Chennai,B1,Operation,Female,2,> 1 & < =3,2,Sep.,24.07,Direct,Promoted,No,Left
892,Rahul,9876544345,Madurai,B1,Operation,Male,0.08,< =1,3.08,Single,27.07,Direct,Promoted,Yes,Stay
893,Rahul,9876544345,Vijayawada,B1,Operation,Female,0.06,< =1,3.06,Marr.,25.02,Direct,Promoted,No,Left
894,Rahul,9876544345,Hyderabad,B1,Operation,Female,0.06,< =1,,NTBD,30,Direct,Promoted,No,Stay
895,Rahul,9876544345,Vijayawada,B1,Operation,Male,0.03,< =1,0.03,Single,22.05,Direct,Non Promoted,No,Left
896,Rahul,9876544345,Vijayawada,B1,Operation,Male,0.03,< =1,0.03,Single,22.06,Direct,Non Promoted,,Stay
897,Rahul,9876544345,Vijayawada,B1,Operation,Male,0.03,< =1,0.03,Single,24.06,Direct,Non Promoted,Yes,Stay
898,Rahul,9876544345,Vijayawada,B1,Operation,Female,0.03,< =1,0.03,Single,21.09,Direct,Non Promoted,Yes,Stay
899,Rahul,9876544345,Vijayawada,B1,Operation,Female,0.03,< =1,0.03,Single,22.02,Direct,Non Promoted,Yes,Left
900,Rahul,9876544345,Vijayawada,B1,Operation,Female,0.03,< =1,0.03,Single,22.01,Direct,Non Promoted,,Left
901,Rahul,9876544345,Vijayawada,B1,Operation,Female,0.03,< =1,0.03,Single,22.02,Direct,Non Promoted,Yes,Stay
902,Rahul,9876544345,Madurai,B2,Operation,Male,0.02,< =1,10.02,Marr.,32.08,Direct,Non Promoted,No,Stay
